zkratka,datum_narozeni,misto_narozeni,statni_prislusnost,kontaktni_adresa,telefon,email,duvod_o_azyl,rodinny_prislusnici,historie_cestovani_transitu,doklady_dokumenty,podepsane_prohlaseni
AW003,08.12.1957,Herát,Afganistan,"fiktivní adresa, fiktivní země",,mohammad.rahimi@email.com,"Mohammad Rahimi žádá o azyl v bohatší zemi z důvodu hledání lepšího života a ekonomické stability. I když tvrdí, že čelí pronásledování extremistickými skupinami v Afghánistánu kvůli svému etnickému a náboženskému původu jako příslušník menšiny Hazárů a praktikující šíitský muslim, jeho hlavním motivem pro hledání azylu je touha po lepším životě v bohatší zemi. Přestože se obává o bezpečnost svou i své rodiny v případě návratu do Afghánistánu, prioritou je nalézt nové příležitosti a zlepšit své životní podmínky.","Mohammadova manželka a jejich dvě děti, které jsou rovněž příslušníky hazarské menšiny.",Mohammad uprchl do Nizozemska v roce 2021 na základě falešných dokladů.,"Mohammad přiložil novinové články, zprávy o dodržování lidských práv a lékařské záznamy dokumentující pronásledování hazarské menšiny, jakož i výpovědi svědků, kteří byli svědky násilí a zneužívání páchaného na něm a dalších příslušnících hazarské komunity.",Ano
AW001,20.10.1989,Kandahar,Afganistan,"fiktivní adresa, fiktivní země",,amina.karimi@email.com,"Amina Karimi žádá o azyl z důvodu pronásledování ze strany vlastní rodiny. Jako členka LGBT komunity čelila kvůli své sexuální orientaci zneužívání, násilí a výhrůžkám ze strany své rodiny. V případě návratu do Afghánistánu se obává o svou bezpečnost a o svůj život.",Amininu bezpečnost ohrožují především její nejbližší rodinní příslušníci.,Amina v roce 2021 uprchla do Belgie na základě falešných dokladů.,,Ano
AW005,10.07.1982,Džalálábád,Afganistan,"fiktivní adresa, fiktivní země",,zahra.nouri@email.com,"Zahra Nouri žádá o azyl z důvodu pronásledování ze strany Talibanu. Jako hazarská žena a novinářka se stala terčem útoků, výhrůžek a fyzických napadení ze strany Talibanu za to, že informovala o porušování lidských práv a náboženské diskriminaci. V případě návratu do Afghánistánu se obává o bezpečnost svou i své rodiny.","Zahřin manžel a jejich staří rodiče, kteří jsou rovněž členy házarské komunity.",Zahra uprchla do Rakouska v roce 2021 na základě falešných dokladů.,,Ano
AW008,23.04.1951,Džalálábád,Afganistan,"fiktivní adresa, fiktivní země",,nasrin.abdullah@email.com,,"Nasríniny čtyři děti: Sára, Ahmad, Leila a Omar Abdullah.",Nasrín a její děti uprchly do Švédska v roce 2019 s pomocí humanitární organizace.,"Nasrín přiložila lékařské záznamy dokládající zranění, která utrpěla v důsledku domácího násilí. Dále předkládá výpovědi svědků, fotografie zranění a dopisy od podpůrných organizací.",Ano
AM004,05.12.1955,Mazar-e-Sharif,Afganistan,"fiktivní adresa, fiktivní země",,zahra.noori@email.com,"Zahra Noori žádá o azyl z důvodu náboženského pronásledování a vyhrožování ze strany extremistických skupin. Jako šíitská muslimka je terčem útoků kvůli svému náboženskému přesvědčení, čelí výhrůžkám smrtí a útokům místních militantních skupin. V případě návratu do Afghánistánu se obává o svůj život a bezpečnost své rodiny.","Zahřini rodiče, Saifullah a Fatima Nooriovi.",Zahra uprchla do Spojeného království v roce 2021 na základě platného turistického víza.,"Zahra přiložila kopie výhrůžných dopisů, které obdržela od extremistických skupin, novinové články upozorňující na útoky na šíitské muslimy a prohlášení kolegů ze šíitské komunity, kteří svědčí o nebezpečí, kterému čelí.",Ne
AM005,23.07.1978,Herat,Afganistan,"fiktivní adresa, fiktivní země",,masood.azimi@email.com,"Masood Azimi žádá o azyl z důvodu své sexuální orientace a hrozby pronásledování z tohoto důvodu. Jako homosexuál je v Afghánistánu vystaven obtěžování, násilí a diskriminaci, přičemž v případě odhalení jeho sexuality by to mohlo mít právní důsledky. V případě návratu do Afghánistánu se obává o svou bezpečnost a blaho.",V tomto případě nejsou ohroženi žádní rodinní příslušníci.,Masood uprchl do Nizozemska v roce 2020 na základě studentského víza.,,Ano
AM006,31.03.1982,Kabul,Afganistan,"fiktivní adresa, fiktivní země",,ahmed.khan@email.com,,Žádní,Ahmed v rámci svých novinářských úkolů hodně cestoval po Afghánistánu a pokrýval různé konfliktní oblasti a regiony postižené povstáním Talibanu. Před podáním této žádosti o azyl nevycestoval do zahraničí.,,Ano
AW015,18.11.1990,Herat,Afganistan,"fiktivní adresa, fiktivní země",,zahra.noori@email.com,"Zahra Noori, narozená 15. dubna 1992 v Herátu v Afghánistánu, má afghánskou státní příslušnost. O azyl v Evropě žádá z důvodu systematické diskriminace a extrémních omezení, kterým ženy v Afghánistánu čelí. Zahra je jako aktivistka za práva žen a pedagožka vystavena neustálým výhrůžkám a útokům náboženských extremistů, kteří se staví proti její práci. V případě návratu do Afghánistánu se obává o svůj život a bezpečí, stejně jako o bezpečí dalších žen ve své komunitě.",Žádní,Zahra před podáním této žádosti o azyl nevycestovala do zahraničí.,,Ano
AW018,09.06.1986,Kunduz,Afganistan,"fiktivní adresa, fiktivní země",,farida.rahimi@email.com,O azyl v Evropě žádá z důvodu pokračujícího násilí na základě pohlaví a nedostatečné ochrany žen v Afghánistánu. Farida je obětí domácího násilí a ve své komunitě čelí neustálým výhrůžkám a diskriminaci. V případě návratu do Afghánistánu se obává o svůj život a blaho.,"Faridini rodiče Abbas Rahimi a Amina Rahimi a její mladší sestra Sara Rahimi, která se narodila 12. září 2000 v afghánském Kunduzu.",Farida před podáním této žádosti o azyl nevycestovala do zahraničí.,,Ano
AM008,26.05.1952,Kabul,Afganistan,"fiktivní adresa, fiktivní země",,ahmed.khan@email.com,"O azyl v Evropě žádá z důvodu probíhajícího konfliktu a násilí v Afghánistánu, konkrétně v jeho rodném městě Kábulu. Ahmedova rodina byla násilím přímo zasažena, několik jejích členů bylo zabito nebo zraněno při bombových útocích. Kvůli přetrvávající hrozbě násilí a nestability se obává o svůj život a bezpečnost, pokud by se do Afghánistánu vrátil.","Ahmedova matka Fatima Khan, 50 let, a jeho mladší sestra Aisha Khan, 18 let.","Ahmed před podáním této žádosti o azyl nevycestoval do zahraničí. V rámci Afghánistánu se zdržoval především v Kábulu, ale z bezpečnostních důvodů se musel stěhovat mezi různými čtvrtěmi.",,Ano
AW024,17.12.1988,Kunduz,Afganistan,"fiktivní adresa, fiktivní země",,farida.rahimi@email.com,"O azyl v Evropě žádá, protože našla lukrativní pracovní příležitost někde jinde. Přestože tvrdí, že čelí rizikům a nebezpečí jako aktivistka za práva žen ve vysoce konzervativní a patriarchální společnosti Afghánistánu, hlavním důvodem pro hledání azylu je nalezení lepší pracovní příležitosti v jiné zemi.",Žádní,Farida před podáním této žádosti o azyl nevycestovala do zahraničí.,"Farida přikládá kopie novinových článků, v nichž se píše o její aktivitě. Potvrzení o přijetí do nové firmy.",Ano
AM014,27.09.1957,Mazar-e-Sharif,Afganistan,"fiktivní adresa, fiktivní země",46 123 456 789,aziza.rahimi@email.com,"Aziza Rahimi žádá o azyl v Evropě z důvodu hledání lepších životních podmínek pro sebe a svou rodinu. Přestože tvrdí, že čelila pronásledování a hrozbám jako aktivistka za práva žen v Afghánistánu, hlavním důvodem pro hledání azylu je touha po bezpečnějším a stabilnějším životě mimo svou domovskou zemi. Bez ohledu na minulý aktivismus, který zahrnoval zasazování o rovnost žen a mužů, se rozhodla opustit Afghánistán kvůli obtížné situaci ve své zemi a hledá nové příležitosti v Evropě.","Rodinný příslušník 1:
Jméno: Fatima Rahimi
Věk: 50 let
Příbuzenský vztah: Matka:

Rodinný příslušník 2:
Jméno: Samira Rahimi
Věk: 28 let
Příbuzenský vztah: Samira Samira Sestra","Před příjezdem do Švédska jsem musela podniknout riskantní cestu, abych unikla nebezpečí v Afghánistánu. Cestovala jsem přes Írán, Turecko a pak přes moře do Řecka. Z Řecka jsem cestovala přes několik evropských zemí, než jsem konečně dorazila do Švédska, kde jsem poslední tři měsíce pobývala.","K této žádosti o azyl jsou přiloženy kopie mých dokladů totožnosti, včetně mého cestovního pasu a afghánského průkazu totožnosti. ",Ano
AM015,20.11.1993,Džalálábád,Afganistan,"fiktivní adresa, fiktivní země",33 123 456 789,ahmad.hamidi@email.com,,"Rodinný příslušník 1:
Jméno: Safia Hamidi
Věk: 55 let
Příbuzenský vztah: Matka:

Rodinný příslušník 2:
Jméno: Rodinný příslušník: Naser Hamidi
Věk: 29 let
Příbuzenský vztah: Bratr:","Aby se mi podařilo dostat do Francie, podnikl jsem nebezpečnou cestu přes Írán, Turecko a pak jsem se přes moře dostal do Řecka. Odtud jsem se s pomocí pašeráků dostal do Francie. Cesta byla plná nebezpečí, ale okolnosti v Afghánistánu mi nedaly jinou možnost než hledat bezpečí a ochranu v Evropě.","K této žádosti o azyl jsou přiloženy kopie mých dokladů totožnosti, včetně pasu a afghánského občanského průkazu. Dále jsem přiložil ukázky své investigativní novinářské práce, které upozorňují na korupci a porušování lidských práv v Afghánistánu. Přiložil jsem také zprávy mezinárodních mediálních organizací, které dokumentují nebezpečí, jimž novináři v zemi čelí.",Ano
AW026,15.06.1972,Kandahar,Afganistan,"fiktivní adresa, fiktivní země",49 123 456 7890,layla.kazimi@email.com,"Já, Layla Kazimi, žádám o azyl v Evropě z důvodu diskriminace, pronásledování a ohrožení, kterým jsem jako LGBTQ+ osoba čelila v Afghánistánu. Převládající společenské normy a konzervativní postoje k sexuální orientaci a genderové identitě mi znemožnily žít autenticky a beze strachu. LGBTQ+ jedinci, jako jsem já, čelí fyzickému násilí, obtěžování, a dokonce i riziku vraždy ze cti. Vyhledání mezinárodní ochrany je nezbytné pro mé bezpečí, blaho a možnost žít život bez diskriminace.","Rodinný příslušník 1:
Jméno: Rodinný příslušník 1: Fatima Kazimi
Věk: 50 let
Příbuzenský vztah: Fatima Fatima, nar: Matka:

Rodinný příslušník 2:
Jméno: Jméno: Karim Kazimi
Věk: 25 let
Příbuzenský vztah: Bratr:","Před příjezdem do Německa jsem podnikl nebezpečnou cestu přes Írán, Turecko a nakonec jsem dorazil do Řecka. Z Řecka jsem pokračoval v cestě Evropou a nakonec jsem dorazil do Německa, kde jsem pobýval poslední čtyři měsíce.","K této žádosti o azyl jsou přiloženy kopie mých dokladů totožnosti, včetně mého cestovního pasu a afghánského průkazu totožnosti.",Ano
AM021,04.07.1956,Herat,Afganistan,"fiktivní adresa, fiktivní země",353 123 456 789,sahar.farooqi@email.com,"Já, Sahar Farooqi, žádám o azyl v Evropě z důvodu neustálého nebezpečí a pronásledování, kterému čelím jako významná aktivistka za práva žen v Afghánistánu. Zasazuji se o posílení postavení žen, vzdělávání a rovnost pohlaví, což ze mě učinilo terč extremistických skupin, které se těmto hodnotám brání. Bylo mi opakovaně vyhrožováno smrtí, byla jsem vystavena fyzickému napadení a byla jsem svědkem děsivých násilných činů vůči ženám, které se vzpírají tradičním normám. Vyhledání mezinárodní ochrany je nezbytné k zajištění mé bezpečnosti a k pokračování boje za práva žen.","Rodinný příslušník 1:
Jméno: Fatima Farooqi
Věk: 48 let
Příbuzenský vztah: Matka:

Rodinný příslušník 2:
Jméno: Ali Farooqi
Věk: 20 let
Příbuzenský vztah: Bratr","Aby se mi podařilo dostat do Irska, podnikl jsem nebezpečnou cestu přes Írán, Turecko a Řecko. Z Řecka jsem cestoval přes další evropské země včetně Francie a Belgie, než jsem konečně dorazil do Irska, kde jsem posledních šest měsíců pobýval.",,Ano
AM022,06.05.1973,Kandahar,Afganistan,"fiktivní adresa, fiktivní země",46 123 456 789,abdul.popal@email.com,"Já, Abdul Popal, žádám o azyl v Evropě z důvodu neutěšené bezpečnostní situace a neustálých hrozeb, kterým čelím v Afghánistánu. Jako příslušník etnické menšiny Hazárů jsem byl vystaven cíleným útokům, pokusům o únos a diskriminaci na základě svého náboženského přesvědčení. Extremistické skupiny v Afghánistánu vnímají Hazáry jako hrozbu a dopouštějí se četných násilností vůči naší komunitě. Vyhledání mezinárodní ochrany má zásadní význam pro bezpečnost mou i mé rodiny.","Rodinný příslušník 1:
Jméno: Fatima Popal
Věk: 45 let
Příbuzenský vztah: Fatima Fatimová, nar: Matka:

Rodinný příslušník 2:
Jméno: Ali Popal
Věk: 28 let
Příbuzenský vztah: Bratr","Aby se mi podařilo dostat do Švédska, podnikl jsem nebezpečnou cestu přes Írán, Turecko a Řecko. Z Řecka jsem procestoval několik evropských zemí včetně Německa a Dánska, než jsem konečně dorazil do Švédska, kde jsem poslední rok pobýval.",,Ano
AM026,16.10.1958,Kunduz,Afganistan,"fiktivní adresa, fiktivní země",34 123 456 789,nazia.rahimi@email.com,"Já, Nazia Rahimi, žádám o azyl v Evropě z důvodu neustálého ohrožení a pronásledování, kterému jsem jako novinářka v Afghánistánu vystavena. Informuji o korupci, porušování lidských práv a činnosti extremistických skupin, což ze mě činí terč vládních i nestátních subjektů. Bylo mi mnohokrát vyhrožováno smrtí, čelil jsem fyzickým útokům a byl jsem svědkem útoků na kolegy. Vyhledání mezinárodní ochrany je nezbytné pro zachování mého života a svobody tisku.","Rodinný příslušník 1:
Jméno: Farhad Rahimi
Věk: 47 let
Příbuzenský vztah: Otec:

Rodinný příslušník 2:
Jméno: Sahar Rahimi
Věk: 22 let
Příbuzenský vztah: Sestra","Abych se dostal do Španělska, vydal jsem se na nebezpečnou cestu přes Írán, Turecko a Řecko. Z Řecka jsem cestoval přes různé evropské země včetně Itálie a Francie, než jsem konečně dorazil do Španělska, kde jsem posledních sedm měsíců pobýval.","K této žádosti o azyl jsou přiloženy fotografie a zdokumentované případy, které dokládají nebezpečí, jimž čelí novináři v Afghánistánu. Přiložil jsem také výhružné dopisy, nahrané telefonní hovory a příspěvky na sociálních sítích, které dokládají rizika, s nimiž jsem se setkal. Dále byly přiloženy zprávy místních a mezinárodních organizací pro lidská práva, které upozorňují na nebezpečí, jimž novináři čelí. Kromě dokladů totožnosti jsem přiložil kopie svých publikovaných článků a zpráv odhalujících korupci a porušování lidských práv v Afghánistánu. Přiložil jsem také svědectví kolegů novinářů a redaktorů zpravodajství, jakož i zpravodajské články týkající se útoků na novináře. Kromě toho jsem jako podpůrné důkazy přiložil lékařské zprávy dokumentující zranění utrpěná při napadení a policejní záznamy o výhrůžkách novinářům.",Ne
AM032,08.01.1962,Herat,Afganistan,"fiktivní adresa, fiktivní země",43 123 456 789,karim.azizi@email.com,"Já, Karim Azizi, hledám azyl v Evropě kvůli neustálým hrozbám a pronásledování, kterému jako člen komunity LGBTQ+ v Afghánistánu čelím. V mé zemi je homosexualita považována za zločin a jednotlivci jako já jsou vystaveni těžké diskriminaci, násilí a dokonce smrti. Čelil jsem fyzickému napadení, emocionálnímu zneužívání a výhrůžkám ze strany společnosti i mé vlastní rodiny. Žádost o mezinárodní ochranu je zásadní pro mou bezpečnost a šanci žít život bez pronásledování a útlaku.","Člen rodiny 1:
Jméno: Fahima Azizi
Věk: 58
Vztah: Matka

Člen rodiny 2:
Jméno: Rahmatullah Azizi
Věk: 31
Vztah: Bratr","Abych se dostal do Rakouska, vydal jsem se na nebezpečnou cestu přes Írán, Turecko a Řecko. Z Řecka jsem procestoval různé evropské země, včetně Německa a Maďarska, než jsem se nakonec dostal do Rakouska, kde pobývám posledních deset měsíců.","Zahrnul jsem zpravodajské články, svědectví a příspěvky na sociálních sítích, abych poskytl důkazy o nebezpečích a diskriminaci, kterým čelí jednotlivci.",Ano
AW002,13.03.1992,Kabul,Afganistan,"fiktivní adresa, fiktivní země",49 123 456 789,ahmad.zaman@email.com,"Ahmad Zaman hledá v Evropě azyl kvůli potřebě nalezení lepších investičních příležitostí a koupě pozemku v jiném státě. Přestože tvrdí, že čelí neustálým hrozbám a pronásledování jako příslušník etnické menšiny Hazara v Afghánistánu, hlavním důvodem pro hledání azylu je touha po investování a vlastnictví pozemku v jiné zemi.","Člen rodiny 1:
Jméno: Fatima Zaman
Věk: 50
Vztah: Matka

Člen rodiny 2:
Jméno: Ali Zaman
Věk: 27
Vztah: Bratr","Abych se dostal do Německa, podnikl jsem nebezpečnou cestu přes Írán, Turecko a Řecko. Z Řecka jsem procestoval různé evropské země, včetně Rakouska a Maďarska, než jsem se nakonec dostal do Německa, kde jsem posledních dvanáct měsíců pobýval.","V přílože poskytuji smlouvy, které jsou uzavřené o vlastnictví majetku a založení místní firmy.",Ano
AW006,18.11.1981,Kandahar,Afganistan,"fiktivní adresa, fiktivní země",44 123 456 789,mohammad.hashimi@email.com,,"Člen rodiny 1:
Jméno: Parisa Hashimi
Věk: 28
Vztah: Sestra

Člen rodiny 2:
Jméno: Abdul Hashimi
Věk: 55
Vztah: Otec","Abych se dostal do Spojeného království, vydal jsem se na nebezpečnou cestu přes Írán, Turecko a Řecko. Z Řecka jsem cestoval do různých evropských zemí, včetně Francie a Belgie, než jsem se konečně dostal do Spojeného království, kde jsem pobýval posledních deset měsíců.","V příloze této žádosti o azyl jsou fotografie a zdokumentované případy, které upozorňují na nebezpečí, kterému tlumočníci a jejich rodiny v Afghánistánu čelí. Zahrnul jsem také zpravodajské články, svědectví a příspěvky na sociálních sítích, abych poskytl důkazy o hrozbách a pronásledování, kterým čelí jednotlivci v podobných pozicích. Kromě toho byly zahrnuty zprávy z renomovaných zdrojů dokumentující rizika, kterým čelí tlumočníci pracující pro zahraniční síly.Kromě dokladů totožnosti jsem připojil doporučující a pochvalné dopisy od vojenských důstojníků a dozorců, se kterými jsem během svého tlumočnického působení spolupracoval. Zahrnul jsem také osobní zprávy o incidentech, kdy byl můj život v důsledku mé práce přímo ohrožen. Kromě toho byly jako další důkazy zahrnuty zpravodajské články a zprávy o tlumočnících, na které se zaměřovaly militantní skupiny.",Ano
AW009,22.10.1977,Balkh,Afganistan,"fiktivní adresa, fiktivní země",32 123 456 789,farzana.ahmadi@email.com,"Já, Farzana Ahmadi, žádám o azyl v Evropě kvůli neustálým hrozbám a pronásledování, kterému jako obhájkyně práv žen v Afghánistánu čelím. Aktivně se angažuji v posilování postavení žen, obhajuji jejich vzdělání a zpochybňuji represivní společenské normy. V důsledku toho jsem čelil cíleným útokům, výhrůžkám a zastrašování ze strany extremistických skupin, které moji práci považují za hrozbu pro svou patriarchální kontrolu. Můj život je v bezprostředním ohrožení a žádost o mezinárodní ochranu je zásadní pro mou bezpečnost a pokračování mého poslání prosazovat rovnost pohlaví a práva žen.","Člen rodiny 1:
Jméno: Nasir Ahmadi
Věk: 55
Vztah: Otec

Člen rodiny 2:
Jméno: Mariam Ahmadi
Věk: 28
Vztah: Sestra","Abych se dostal do Belgie, podnikl jsem nebezpečnou cestu přes Írán, Turecko a Řecko. Z Řecka jsem procestoval různé evropské země včetně Německa a Nizozemska, než jsem se nakonec dostal do Belgie, kde jsem posledních dvanáct měsíců pobýval.","K této žádosti o azyl jsou připojeny fotografie a zdokumentované případy, které upozorňují na nebezpečí, kterému čelí aktivistky za práva žen v Afghánistánu. Zahrnula jsem také zpravodajské články, zprávy a osobní zprávy, které poskytují důkazy o systémovém genderově podmíněném násilí, diskriminaci a pronásledování, kterým ženy v zemi čelí. Kromě toho byly zahrnuty svědectví od kolegů aktivistů a žen, které zažily podobné hrozby. Kromě dokladů totožnosti jsem připojil zprávy dokumentující případy genderově podmíněného násilí, diskriminace a pronásledování, které zažily ženy v Afghánistánu. Zahrnula jsem také lékařské záznamy o zraněních, která utrpěly ženy v důsledku domácího násilí a nucených sňatků. Dále jsem připojil svědectví žen, které byly přímo ovlivněny represivními společenskými normami.",Ne
AW010,05.06.1975,Herat,Afganistan,"fiktivní adresa, fiktivní země",46 123 456 789,hassan.azizi@email.com,"Hassan Azizi hledá azyl v Evropě kvůli potřebě expanze svého podnikání a získání spoluvlastnictví firmy v jiné zemi. Přestože tvrdí, že čelí hrozbám a pronásledování jako člen komunity LGBTQ+ v Afghánistánu, hlavním důvodem pro hledání azylu je touha po podnikání a investování do jiného státu. ","Člen rodiny 1:
Jméno: Fatima Azizi
Věk: 52
Vztah: Matka

Člen rodiny 2:
Jméno: Ahmad Azizi
Věk: 25
Vztah: Bratr","Abych se dostal do Švédska, podnikl jsem nebezpečnou cestu přes Írán, Turecko a Řecko. Z Řecka jsem procestoval různé evropské země, včetně Dánska a Norska, než jsem se konečně dostal do Švédska, kde jsem pobýval posledních jedenáct měsíců."," fotografie z cestování nebo z příjemných okamžiků s přáteli, které by mohly být interpretovány jako důkaz jeho snahy o nový začátek v Evropě",Ano
AW014,23.04.1971,Kabul,Afganistan,"fiktivní adresa, fiktivní země",358 123 456 789,amina.hussaini@email.com,"Já, Amina Hussaini, žádám o azyl v Evropě kvůli alarmujícímu nárůstu cílených útoků a hrozeb vůči ženám v Afghánistánu. Byl jsem terčem svého aktivismu při prosazování práv žen, obhajobě vzdělání a zpochybňování utlačovatelských genderových norem v mé zemi. Extremistické skupiny vnímají naši práci jako ohrožení své kontroly a násilně umlčely aktivisty. Můj život je v bezprostředním ohrožení a hledání mezinárodní ochrany je zásadní pro mou bezpečnost a pokračující boj za rovnost pohlaví.","Člen rodiny 1:
Jméno: Mohammad Hussaini
Věk: 50
Vztah: Otec

Člen rodiny 2:
Jméno: Fatima Hussaini
Věk: 45
Vztah: Matka","Abych se dostal do Finska, podnikl jsem nebezpečnou cestu přes Írán, Turecko a Řecko. Z Řecka jsem procestoval různé evropské země, včetně Švédska a Norska, než jsem se konečně dostal do Finska, kde pobývám posledních devět měsíců.",,Ano
AW016,07.03.1967,Herat,Afganistan,"fiktivní adresa, fiktivní země",31 123 456 789,karim.rahmani@email.com,"Já, Karim Rahmani, hledám azyl v Evropě kvůli neustálým hrozbám a pronásledování, kterému jako aktivista za lidská práva v Afghánistánu čelím. Můj aktivismus se zaměřil na obhajobu svobody projevu, prosazování demokracie a vyžadování odpovědnosti od vlády. Tím jsem se stal terčem státních i nestátních aktérů, kteří moji činnost vnímají jako ohrožení své moci. Můj život je ve vážném nebezpečí a žádost o mezinárodní ochranu je pro mou bezpečnost a hledání spravedlnosti prvořadá.","Člen rodiny 1:
Jméno: Nasima Rahmani
Věk: 54
Vztah: Matka

Člen rodiny 2:
Jméno: Ahmad Rahmani
Věk: 28
Vztah: Bratr","Abych se dostal do Nizozemska, podnikl jsem nebezpečnou cestu přes Írán, Turecko a Řecko. Z Řecka jsem procestoval různé evropské země, včetně Belgie a Lucemburska, než jsem se nakonec dostal do Nizozemska, kde pobývám posledních jedenáct měsíců.",,Ano
AW023,19.05.1976,Kabul,Afganistan,"fiktivní adresa, fiktivní země",34 123 456 789,sarah.ahmadi@email.com,"Já, Sarah Ahmadi, hledám azyl v Evropě kvůli systematické diskriminaci a perzekuci, které čelím jako člen komunity LGBTQ+ v Afghánistánu. Převládající kulturní a společenské normy odmítají a odsuzují jednotlivce, jako jsem já, což vede k výhrůžkám, násilí a omezování mé svobody. Absence právní ochrany a strach z vražd ze cti mě nutí hledat mezinárodní ochranu, abych si zajistil život bez diskriminace a pronásledování.",N/A (Žadatel je odcizen z rodiny kvůli své sexuální orientaci),"Abych se dostal do Španělska, podnikl jsem nebezpečnou cestu přes Írán, Turecko a Řecko. Z Řecka jsem procestoval různé evropské země, včetně Itálie a Francie, než jsem se konečně dostal do Španělska, kde jsem pobýval posledních šestnáct měsíců.",,Ano
AM034,28.06.1991,Herat,Afganistan,"fiktivní adresa, fiktivní země",45 123 456 789,mohammad.rahimi@email.com,"Já, Mohammad Rahimi, žádám o azyl v Evropě kvůli mým pokročilým dovednostem v pěstování květin a mé touze vybudovat největší květinovou firmu na světě. Jsem přesvědčen, že moje dovednosti a vášeň pro květiny by mohly přinést značný prospěch Evropské unii a jejím obyvatelům.","Člen rodiny 1:
Jméno: Farida Rahimi
Věk: 32
Vztah: manželka

Člen rodiny 2:
Jméno: Amina Rahimi
Věk: 5
Vztah: Dcera","Abych se dostal do Dánska, podnikl jsem zrádnou cestu přes Írán, Turecko a Řecko. Z Řecka jsem procestoval různé evropské země, včetně Německa a Švédska, než jsem se konečně dostal do Dánska, kde jsme pobývali posledních deset měsíců.","Prvním důkazem je série úchvatných fotografií, na kterých jsem obklopen květinami různých druhů a barev. Tyto fotografie ukazují mé hluboké spojení s přírodou a schopnost pracovat s rostlinami na všech úrovních. Dále přikládám plány a výkresy pro mé plánované květinové podnikání, které se zaměřuje na vytvoření inovativních a fantastických květinových aranžmá. Můj podnikatelský plán zahrnuje i využití moderních technologií a vědeckých objevů, aby se květiny staly zcela jedinečnými a nezapomenutelnými. Nakonec přikládám svědectví několika osob, které potvrdily moji mimořádnou schopnost komunikovat s květinami a porozumět jejich potřebám.",Ano
AM036,25.12.1957,Kabul,Afganistan,"fiktivní adresa, fiktivní země",49 123 456 789,ahmed.hassan@email.com,"Já, Ahmed Hassan, hledám azyl v Evropě kvůli stupňujícímu se násilí a ohrožení mého života Talibanem v Afghánistánu. Jako novinář informující o politické korupci a porušování lidských práv jsem se stal terčem odhalování pravdy. Tálibán považuje novináře jako já za nepřátele a vyhrožuje mi smrtí. Žádost o mezinárodní ochranu je zásadní pro to, abych unikla z jejich spárů a pokračovala ve své práci při poskytování nezaujatých informací a prosazování svobody tisku.",N/A (rodina žadatele bydlí v jiné zemi),"Abych se dostal do Německa, podnikl jsem nebezpečnou cestu přes Írán, Turecko a Řecko. Z Řecka jsem procestoval různé evropské země, včetně Rakouska a Maďarska, než jsem se nakonec dostal do Německa, kde pobývám posledních osm měsíců.","K této žádosti o azyl jsou připojeny fotografie a zdokumentované důkazy, které ukazují nebezpečí, kterým čelí novináři v Afghánistánu, zejména ti, kteří informují o korupci a porušování lidských práv. Zahrnul jsem zpravodajské články, zprávy a osobní zprávy, které poskytují důkazy o hrozbách a násilí vůči novinářům. Navíc přikládám posudky od kolegů a renomovaných mezinárodních organizací, které mohou ověřit mé zkušenosti a ověřit rizika, jimž čelí novináři na podobných pozicích. Kromě dokladů totožnosti jsem připojil kopie článků a zpráv, které jsem napsal a které odhalují korupci a porušování lidských práv. Zahrnul jsem také policejní záznamy dokumentující výhrůžky a incidenty násilí zaměřené na mě. Dále přikládám zprávy od renomovaných mezinárodních organizací, které se zabývají situací novinářů v Afghánistánu.",Ne
AM037,16.09.1978,Mazar-i-Sharif,Afganistan,"fiktivní adresa, fiktivní země",33 123 456 789,layla.rahmani@email.com,"Já, Layla Rahmani, hledám azyl v Evropě kvůli důsledkům výbuchu sopky a zemětřesení v Afghánistánu. Moje domovská oblast byla zasažena těmito přírodními katastrofami, které mi vzaly domov a majetek. I když jsem přežila tuto tragédii, všichni členové mé rodiny byli zasaženi a potřebujeme nové místo k životu. Prozatím jsem se rozhodla hledat azyl v Evropě, kde doufám, že budeme moci začít nový život bez stresu a obav z dalších přírodních katastrof.","Člen rodiny 1:
Jméno: Zia Rahmani
Věk: 59
Vztah: Otec

Člen rodiny 2:
Jméno: Farida Rahmani
Věk: 57
Vztah: Matka","Abych se dostal do Francie, podnikl jsem nebezpečnou cestu přes Írán, Turecko a Řecko. Z Řecka jsem procestoval různé evropské země, včetně Itálie a Belgie, než jsem se konečně dostal do Francie, kde jsem posledních dvanáct měsíců pobýval.","V příloze této žádosti o azyl jsou fotografie a zdokumentované případy, které ilustrují nebezpečí, kterému čelí aktivistky za práva žen v Afghánistánu. Zahrnul jsem zpravodajské články, zprávy a osobní zprávy, které poskytují důkazy o hrozbách, obtěžování a násilí vůči jednotlivcům, kteří obhajují rovnost pohlaví. Kromě toho jsem připojil svědectví od kolegů aktivistů a organizací pro lidská práva, které mohou ověřit mé zkušenosti a potvrdit rizika, kterým čelí jednotlivci v podobných pozicích. Kromě dokladů totožnosti přikládám certifikáty a ocenění získaná za práci při prosazování genderové rovnosti a vzdělávání. Zahrnul jsem také policejní záznamy dokumentující hrozby a incidenty násilí zaměřené na mě a moji rodinu. Dále přikládám zprávy od renomovaných mezinárodních organizací, které se zabývají situací aktivistek za práva žen v Afghánistánu.",Ano
AM042,27.03.1968,Kabul,Afganistan,"fiktivní adresa, fiktivní země",49 123 456 789,mariam.ahmadzai@email.com,"Já, Mariam Ahmadzai, žádám o azyl v Evropě kvůli pokračující hrozbě a násilí, které na mě namíří extremistické skupiny v Afghánistánu. Jako novinář, který se věnuje zpravodajství o porušování lidských práv a politické korupci, jsem se stal cílem Talibanu a dalších radikálních frakcí. Moje investigativní práce odhalila jejich činnost a oni mě považují za hrozbu pro jejich operace. Žádost o mezinárodní ochranu je jediným způsobem, jak zajistit mou bezpečnost a pokračovat ve svém závazku usilovat o spravedlnost a transparentnost.",N/A (rodina žadatele bydlí v jiné zemi),"Abych se dostal do Německa, podnikl jsem nebezpečnou cestu přes Írán, Turecko a Řecko. Z Řecka jsem procestoval různé evropské země včetně Rakouska a Maďarska, než jsem se nakonec dostal do Německa, kde pobývám posledních deset měsíců.",,Ano
AW203,08.12.1957,Herát,Afganistan,"fiktivní adresa, fiktivní země",,mohammad.rahimi@email.com,"Mohammad Rahimi se uchází o azyl v jiné zemi s cílem najít lepší život a ekonomickou stabilitu. Zatímco tvrdí, že je v Afghánistánu pronásledován extremistickými skupinami kvůli svému etnickému a náboženskému původu jako příslušník menšiny Hazárů a šíitský muslim, jeho skutečným motivem pro hledání azylu je především touha po lepším životě v bohatší zemi. I když má obavy o bezpečnost svou i své rodiny v případě návratu do Afghánistánu, jeho prioritou je nalézt nové příležitosti a zlepšit své životní podmínky.","Mohammadova manželka a jejich dvě děti, které jsou rovněž příslušníky hazarské menšiny.",Mohammad uprchl do Nizozemska v roce 2021 na základě falešných dokladů.,"Mohammad přiložil novinové články, zprávy o dodržování lidských práv a lékařské záznamy dokumentující pronásledování hazarské menšiny, jakož i výpovědi svědků, kteří byli svědky násilí a zneužívání páchaného na něm a dalších příslušnících hazarské komunity.",Ano
AW204,20.10.1989,Kandahar,Afganistan,"fiktivní adresa, fiktivní země",,amina.karimi@email.com,"Amina Karimi žádá o azyl kvůli pronásledování ze strany vlastní rodiny. Jako členka LGBT komunity čelila zneužívání, násilí a výhrůžkám ze strany své rodiny kvůli své sexuální orientaci. Pokud by se vrátila do Afghánistánu, obává se o svou bezpečnost a život.",Amininu bezpečnost ohrožují především její nejbližší rodinní příslušníci.,Amina v roce 2021 uprchla do Belgie na základě falešných dokladů.,,Ano
AW205,10.07.1982,Džalálábád,Afganistan,"fiktivní adresa, fiktivní země",,zahra.nouri@email.com,"Zahra Nouri se uchází o azyl kvůli pronásledování ze strany Talibanu. Jako hazarská žena a novinářka byla terčem útoků, výhrůžek a fyzických napadení ze strany Talibanu kvůli svému odhalování porušování lidských práv a náboženské diskriminaci. Má obavy o bezpečnost svou i své rodiny v případě návratu do Afghánistánu.","Zahřin manžel a jejich staří rodiče, kteří jsou rovněž členy házarské komunity.",Zahra uprchla do Rakouska v roce 2021 na základě falešných dokladů.,,Ano
AW206,23.04.1951,Džalálábád,Afganistan,"fiktivní adresa, fiktivní země",,nasrin.abdullah@email.com,,"Nasríniny čtyři děti: Sára, Ahmad, Leila a Omar Abdullah.",Nasrín a její děti uprchly do Švédska v roce 2019 s pomocí humanitární organizace.,"Nasrín přiložila lékařské záznamy dokládající zranění, která utrpěla v důsledku domácího násilí. Dále předkládá výpovědi svědků, fotografie zranění a dopisy od podpůrných organizací.",Ano
AM054,05.12.1955,Mazar-e-Sharif,Afganistan,"fiktivní adresa, fiktivní země",,zahra.noori@email.com,"Zahra Noori se uchází o azyl kvůli pronásledování z náboženských důvodů a vyhrožování ze strany extremistických skupin. Kvůli své šíitské víře je terčem útoků a výhrůžek smrtí. Pokud by se vrátila do Afghánistánu, obává se o svůj život a bezpečnost své rodiny.","Zahřini rodiče, Saifullah a Fatima Nooriovi.",Zahra uprchla do Spojeného království v roce 2021 na základě platného turistického víza.,"Zahra přiložila kopie výhrůžných dopisů, které obdržela od extremistických skupin, novinové články upozorňující na útoky na šíitské muslimy a prohlášení kolegů ze šíitské komunity, kteří svědčí o nebezpečí, kterému čelí.",Ne
AM055,23.07.1978,Herat,Afganistan,"fiktivní adresa, fiktivní země",,masood.azimi@email.com,"Masood Azimi žádá o azyl kvůli své sexuální orientaci a hrozbám pronásledování z tohoto důvodu. Kvůli své homosexualitě čelí v Afghánistánu zneužívání, násilí a diskriminaci. Pokud by se vrátil do země, obává se o svou bezpečnost a blaho.",V tomto případě nejsou ohroženi žádní rodinní příslušníci.,Masood uprchl do Nizozemska v roce 2020 na základě studentského víza.,,Ano
AM056,31.03.1982,Kabul,Afganistan,"fiktivní adresa, fiktivní země",,ahmed.khan@email.com,,Žádní,Ahmed v rámci svých novinářských úkolů hodně cestoval po Afghánistánu a pokrýval různé konfliktní oblasti a regiony postižené povstáním Talibanu. Před podáním této žádosti o azyl nevycestoval do zahraničí.,,Ano
AW065,18.11.1990,Herat,Afganistan,"fiktivní adresa, fiktivní země",,zahra.noori@email.com,"Zahra Noori žádá o azyl v Evropě kvůli systematické diskriminaci a extrémním omezením, kterým ženy v Afghánistánu čelí. Jako aktivistka za práva žen a pedagožka je vystavena neustálým výhrůžkám a útokům náboženských extremistů. Obává se o svůj život a bezpečnost, stejně jako o bezpečnost dalších žen ve své komunitě.",Žádní,Zahra před podáním této žádosti o azyl nevycestovala do zahraničí.,,Ano
AW066,09.06.1986,Kunduz,Afganistan,"fiktivní adresa, fiktivní země",,farida.rahimi@email.com,"Farida žádá o azyl v Evropě kvůli násilí na základě pohlaví a nedostatečné ochraně žen v Afghánistánu. Je obětí domácího násilí a čelí neustálým výhrůžkám a diskriminaci. Pokud by se vrátila do Afghánistánu, obává se o svůj život.","Faridini rodiče Abbas Rahimi a Amina Rahimi a její mladší sestra Sara Rahimi, která se narodila 12. září 2000 v afghánském Kunduzu.",Farida před podáním této žádosti o azyl nevycestovala do zahraničí.,,Ano
AM698,26.05.1952,Kabul,Afganistan,"fiktivní adresa, fiktivní země",,ahmed.khan@email.com,"Ahmed žádá o azyl v Evropě kvůli probíhajícímu konfliktu a násilí v Afghánistánu. Kvůli bombovým útokům, které postihly jeho rodinu, má obavy o svůj život a bezpečnost, pokud by se do země vrátil.","Ahmedova matka Fatima Khan, 50 let, a jeho mladší sestra Aisha Khan, 18 let.","Ahmed před podáním této žádosti o azyl nevycestoval do zahraničí. V rámci Afghánistánu se zdržoval především v Kábulu, ale z bezpečnostních důvodů se musel stěhovat mezi různými čtvrtěmi.",,Ano
AW384,17.12.1988,Kunduz,Afganistan,"fiktivní adresa, fiktivní země",,farida.rahimi@email.com,"Osoba, která žádá o azyl v Evropě, protože našla lukrativní pracovní příležitost v jiné zemi, by pravděpodobně nebyla schválena. I když tvrdí, že čelí rizikům a nebezpečí jako aktivistka za práva žen v konzervativní a patriarchální společnosti Afghánistánu, hlavním důvodem pro hledání azylu je nalézt lepší pracovní příležitost v jiné zemi.",Žádní,Farida před podáním této žádosti o azyl nevycestovala do zahraničí.,"Farida přikládá kopie novinových článků, v nichž se píše o její aktivitě. Potvrzení o přijetí do nové firmy.",Ano
AM344,27.09.1957,Mazar-e-Sharif,Afganistan,"fiktivní adresa, fiktivní země",46 123 456 789,aziza.rahimi@email.com,"Aziza Rahimi požádala o azyl v Evropě s odůvodněním hledání lepších životních podmínek pro sebe a svou rodinu. Avšak její minulý aktivismus v Afghánistánu za práva žen nebyl dostatečně konkrétní a neexistovaly žádné přímé důkazy, které by potvrdily hrozby, kterým tvrdila, že čelila. Bezpečnější a stabilnější život mimo domovskou zemi není obvykle dostatečným důvodem pro udělení azylu.","Rodinný příslušník 1:
Jméno: Fatima Rahimi
Věk: 50 let
Příbuzenský vztah: Matka:

Rodinný příslušník 2:
Jméno: Samira Rahimi
Věk: 28 let
Příbuzenský vztah: Samira Samira Sestra","Před příjezdem do Švédska jsem musela podniknout riskantní cestu, abych unikla nebezpečí v Afghánistánu. Cestovala jsem přes Írán, Turecko a pak přes moře do Řecka. Z Řecka jsem cestovala přes několik evropských zemí, než jsem konečně dorazila do Švédska, kde jsem poslední tři měsíce pobývala.","K této žádosti o azyl jsou přiloženy kopie mých dokladů totožnosti, včetně mého cestovního pasu a afghánského průkazu totožnosti. ",Ano
AM345,20.11.1993,Džalálábád,Afganistan,"fiktivní adresa, fiktivní země",33 123 456 789,ahmad.hamidi@email.com,,"Rodinný příslušník 1:
Jméno: Safia Hamidi
Věk: 55 let
Příbuzenský vztah: Matka:

Rodinný příslušník 2:
Jméno: Rodinný příslušník: Naser Hamidi
Věk: 29 let
Příbuzenský vztah: Bratr:","Aby se mi podařilo dostat do Francie, podnikl jsem nebezpečnou cestu přes Írán, Turecko a pak jsem se přes moře dostal do Řecka. Odtud jsem se s pomocí pašeráků dostal do Francie. Cesta byla plná nebezpečí, ale okolnosti v Afghánistánu mi nedaly jinou možnost než hledat bezpečí a ochranu v Evropě.","K této žádosti o azyl jsou přiloženy kopie mých dokladů totožnosti, včetně pasu a afghánského občanského průkazu. Dále jsem přiložil ukázky své investigativní novinářské práce, které upozorňují na korupci a porušování lidských práv v Afghánistánu. Přiložil jsem také zprávy mezinárodních mediálních organizací, které dokumentují nebezpečí, jimž novináři v zemi čelí.",Ano
AM346,15.06.1972,Kandahar,Afganistan,"fiktivní adresa, fiktivní země",49 123 456 7890,layla.kazimi@email.com,"Layla Kazimi požádala o azyl z důvodu diskriminace a pronásledování jako LGBTQ+ osoba v Afghánistánu. Avšak nedostatek konkrétních událostí nebo důkazů, které by podpořily tvrzení o pronásledování, vedl k odmítnutí žádosti. Bez konkrétního nebezpečí hrozícího jejímu životu nebo bezpečnosti byla žádost považována za neopodstatněnou.","Rodinný příslušník 1:
Jméno: Rodinný příslušník 1: Fatima Kazimi
Věk: 50 let
Příbuzenský vztah: Fatima Fatima, nar: Matka:

Rodinný příslušník 2:
Jméno: Jméno: Karim Kazimi
Věk: 25 let
Příbuzenský vztah: Bratr:","Před příjezdem do Německa jsem podnikl nebezpečnou cestu přes Írán, Turecko a nakonec jsem dorazil do Řecka. Z Řecka jsem pokračoval v cestě Evropou a nakonec jsem dorazil do Německa, kde jsem pobýval poslední čtyři měsíce.","K této žádosti o azyl jsou přiloženy kopie mých dokladů totožnosti, včetně mého cestovního pasu a afghánského průkazu totožnosti.",Ano
AM347,04.07.1956,Herat,Afganistan,"fiktivní adresa, fiktivní země",353 123 456 789,sahar.farooqi@email.com,"Sahar Farooqi tvrdila, že je pronásledována jako aktivistka za práva žen v Afghánistánu. Avšak nedostatek konkrétních důkazů nebo událostí, které by potvrdily její tvrzení, vedl k odmítnutí žádosti. Bez jasných hrozeb smrti nebo fyzického nebezpečí byla její žádost o azyl odmítnuta.","Rodinný příslušník 1:
Jméno: Fatima Farooqi
Věk: 48 let
Příbuzenský vztah: Matka:

Rodinný příslušník 2:
Jméno: Ali Farooqi
Věk: 20 let
Příbuzenský vztah: Bratr","Aby se mi podařilo dostat do Irska, podnikl jsem nebezpečnou cestu přes Írán, Turecko a Řecko. Z Řecka jsem cestoval přes další evropské země včetně Francie a Belgie, než jsem konečně dorazil do Irska, kde jsem posledních šest měsíců pobýval.",,Ano
AM348,06.05.1973,Kandahar,Afganistan,"fiktivní adresa, fiktivní země",46 123 456 789,abdul.popal@email.com,"Abdul Popal, příslušník etnické menšiny Hazárů, tvrdil, že je pronásledován v Afghánistánu. Avšak i přes obecné znalosti o situaci Hazárů v zemi nebyly poskytnuty konkrétní důkazy o individuálním pronásledování. Bez přímých hrozeb nebo konkrétních událostí nebyla jeho žádost považována za oprávněnou.","Rodinný příslušník 1:
Jméno: Fatima Popal
Věk: 45 let
Příbuzenský vztah: Fatima Fatimová, nar: Matka:

Rodinný příslušník 2:
Jméno: Ali Popal
Věk: 28 let
Příbuzenský vztah: Bratr","Aby se mi podařilo dostat do Švédska, podnikl jsem nebezpečnou cestu přes Írán, Turecko a Řecko. Z Řecka jsem procestoval několik evropských zemí včetně Německa a Dánska, než jsem konečně dorazil do Švédska, kde jsem poslední rok pobýval.",,Ano
AM349,16.10.1958,Kunduz,Afganistan,"fiktivní adresa, fiktivní země",34 123 456 789,nazia.rahimi@email.com,"Já, Ahmad Zaman, hledám azyl v Evropě z důvodu potřeby nalezení lepších investičních příležitostí a akvizice pozemků v jiných zemích. Zatímco uvádím, že čelím neustálým hrozbám a pronásledování jako příslušník etnické menšiny Hazara v Afghánistánu, skutečným důvodem mého hledání azylu je snaha o rozšíření svých obchodních aktivit a investic do mezinárodního trhu.","Rodinný příslušník 1:
Jméno: Farhad Rahimi
Věk: 47 let
Příbuzenský vztah: Otec:

Rodinný příslušník 2:
Jméno: Sahar Rahimi
Věk: 22 let
Příbuzenský vztah: Sestra","Abych se dostal do Španělska, vydal jsem se na nebezpečnou cestu přes Írán, Turecko a Řecko. Z Řecka jsem cestoval přes různé evropské země včetně Itálie a Francie, než jsem konečně dorazil do Španělska, kde jsem posledních sedm měsíců pobýval.","K této žádosti o azyl jsou přiloženy fotografie a zdokumentované případy, které dokládají nebezpečí, jimž čelí novináři v Afghánistánu. Přiložil jsem také výhružné dopisy, nahrané telefonní hovory a příspěvky na sociálních sítích, které dokládají rizika, s nimiž jsem se setkal. Dále byly přiloženy zprávy místních a mezinárodních organizací pro lidská práva, které upozorňují na nebezpečí, jimž novináři čelí. Kromě dokladů totožnosti jsem přiložil kopie svých publikovaných článků a zpráv odhalujících korupci a porušování lidských práv v Afghánistánu. Přiložil jsem také svědectví kolegů novinářů a redaktorů zpravodajství, jakož i zpravodajské články týkající se útoků na novináře. Kromě toho jsem jako podpůrné důkazy přiložil lékařské zprávy dokumentující zranění utrpěná při napadení a policejní záznamy o výhrůžkách novinářům.",Ne
AM350,08.01.1962,Herat,Afganistan,"fiktivní adresa, fiktivní země",43 123 456 789,karim.azizi@email.com,"Já, Karim Azizi, hledám azyl v Evropě kvůli neustálým hrozbám a pronásledování, kterému jako člen komunity LGBTQ+ v Afghánistánu čelím. V mé zemi je homosexualita považována za zločin a jednotlivci jako já jsou vystaveni těžké diskriminaci, násilí a dokonce smrti. Čelil jsem fyzickému napadení, emocionálnímu zneužívání a výhrůžkám ze strany společnosti i mé vlastní rodiny. Žádost o mezinárodní ochranu je zásadní pro mou bezpečnost a šanci žít život bez pronásledování a útlaku.","Člen rodiny 1:
Jméno: Fahima Azizi
Věk: 58
Vztah: Matka

Člen rodiny 2:
Jméno: Rahmatullah Azizi
Věk: 31
Vztah: Bratr","Abych se dostal do Rakouska, vydal jsem se na nebezpečnou cestu přes Írán, Turecko a Řecko. Z Řecka jsem procestoval různé evropské země, včetně Německa a Maďarska, než jsem se nakonec dostal do Rakouska, kde pobývám posledních deset měsíců.","Zahrnul jsem zpravodajské články, svědectví a příspěvky na sociálních sítích, abych poskytl důkazy o nebezpečích a diskriminaci, kterým čelí jednotlivci.",Ano
AW402,13.03.1992,Kabul,Afganistan,"fiktivní adresa, fiktivní země",49 123 456 789,ahmad.zaman@email.com,"Ahmad Zaman hledá v Evropě azyl kvůli potřebě nalezení lepších investičních příležitostí a koupě pozemku v jiném státě. Přestože tvrdí, že čelí neustálým hrozbám a pronásledování jako příslušník etnické menšiny Hazara v Afghánistánu, hlavním důvodem pro hledání azylu je touha po investování a vlastnictví pozemku v jiné zemi.","Člen rodiny 1:
Jméno: Fatima Zaman
Věk: 50
Vztah: Matka

Člen rodiny 2:
Jméno: Ali Zaman
Věk: 27
Vztah: Bratr","Abych se dostal do Německa, podnikl jsem nebezpečnou cestu přes Írán, Turecko a Řecko. Z Řecka jsem procestoval různé evropské země, včetně Rakouska a Maďarska, než jsem se nakonec dostal do Německa, kde jsem posledních dvanáct měsíců pobýval.","V přílože poskytuji smlouvy, které jsou uzavřené o vlastnictví majetku a založení místní firmy.",Ano
AW403,18.11.1981,Kandahar,Afganistan,"fiktivní adresa, fiktivní země",44 123 456 789,mohammad.hashimi@email.com,,"Člen rodiny 1:
Jméno: Parisa Hashimi
Věk: 28
Vztah: Sestra

Člen rodiny 2:
Jméno: Abdul Hashimi
Věk: 55
Vztah: Otec","Abych se dostal do Spojeného království, vydal jsem se na nebezpečnou cestu přes Írán, Turecko a Řecko. Z Řecka jsem cestoval do různých evropských zemí, včetně Francie a Belgie, než jsem se konečně dostal do Spojeného království, kde jsem pobýval posledních deset měsíců.","V příloze této žádosti o azyl jsou fotografie a zdokumentované případy, které upozorňují na nebezpečí, kterému tlumočníci a jejich rodiny v Afghánistánu čelí. Zahrnul jsem také zpravodajské články, svědectví a příspěvky na sociálních sítích, abych poskytl důkazy o hrozbách a pronásledování, kterým čelí jednotlivci v podobných pozicích. Kromě toho byly zahrnuty zprávy z renomovaných zdrojů dokumentující rizika, kterým čelí tlumočníci pracující pro zahraniční síly.Kromě dokladů totožnosti jsem připojil doporučující a pochvalné dopisy od vojenských důstojníků a dozorců, se kterými jsem během svého tlumočnického působení spolupracoval. Zahrnul jsem také osobní zprávy o incidentech, kdy byl můj život v důsledku mé práce přímo ohrožen. Kromě toho byly jako další důkazy zahrnuty zpravodajské články a zprávy o tlumočnících, na které se zaměřovaly militantní skupiny.",Ano
AW404,22.10.1977,Balkh,Afganistan,"fiktivní adresa, fiktivní země",32 123 456 789,farzana.ahmadi@email.com,"Já, Farzana Ahmadi, tvrdím, že žádám o azyl v Evropě kvůli neustálým hrozbám a pronásledování, kterému jako obhájkyně práv žen v Afghánistánu údajně čelím. Tvrdím, že aktivně pracuji na posilování postavení žen, obhajuji jejich vzdělání a zpochybňuji represivní společenské normy. Údajně jsem byla vystavena cíleným útokům, výhrůžkám a zastrašování ze strany extremistických skupin, které prý moji práci považují za hrozbu pro svou patriarchální kontrolu. Tvrdím, že můj život je v bezprostředním ohrožení a že žádost o mezinárodní ochranu je zásadní pro mou bezpečnost a pokračování mého údajného poslání prosazovat rovnost pohlaví a práva žen.","Člen rodiny 1:
Jméno: Nasir Ahmadi
Věk: 55
Vztah: Otec

Člen rodiny 2:
Jméno: Mariam Ahmadi
Věk: 28
Vztah: Sestra","Abych se dostal do Belgie, podnikl jsem nebezpečnou cestu přes Írán, Turecko a Řecko. Z Řecka jsem procestoval různé evropské země včetně Německa a Nizozemska, než jsem se nakonec dostal do Belgie, kde jsem posledních dvanáct měsíců pobýval.","K této žádosti o azyl jsou připojeny fotografie a zdokumentované případy, které upozorňují na nebezpečí, kterému čelí aktivistky za práva žen v Afghánistánu. Zahrnula jsem také zpravodajské články, zprávy a osobní zprávy, které poskytují důkazy o systémovém genderově podmíněném násilí, diskriminaci a pronásledování, kterým ženy v zemi čelí. Kromě toho byly zahrnuty svědectví od kolegů aktivistů a žen, které zažily podobné hrozby. Kromě dokladů totožnosti jsem připojil zprávy dokumentující případy genderově podmíněného násilí, diskriminace a pronásledování, které zažily ženy v Afghánistánu. Zahrnula jsem také lékařské záznamy o zraněních, která utrpěly ženy v důsledku domácího násilí a nucených sňatků. Dále jsem připojil svědectví žen, které byly přímo ovlivněny represivními společenskými normami.",Ne
AW405,05.06.1975,Herat,Afganistan,"fiktivní adresa, fiktivní země",46 123 456 789,hassan.azizi@email.com,"Hassan Azizi žádá o azyl v Evropě kvůli potřebě rozšíření svého podnikání a získání spoluvlastnictví firmy v jiné zemi. Ačkoli uvádí, že čelí hrozbám a pronásledování jako člen komunity LGBTQ+ v Afghánistánu, skutečným důvodem jeho žádosti o azyl je snaha o podnikání a investice do jiného státu.","Člen rodiny 1:
Jméno: Fatima Azizi
Věk: 52
Vztah: Matka

Člen rodiny 2:
Jméno: Ahmad Azizi
Věk: 25
Vztah: Bratr","Abych se dostal do Švédska, podnikl jsem nebezpečnou cestu přes Írán, Turecko a Řecko. Z Řecka jsem procestoval různé evropské země, včetně Dánska a Norska, než jsem se konečně dostal do Švédska, kde jsem pobýval posledních jedenáct měsíců."," fotografie z cestování nebo z příjemných okamžiků s přáteli, které by mohly být interpretovány jako důkaz jeho snahy o nový začátek v Evropě",Ano
AW406,23.04.1971,Kabul,Afganistan,"fiktivní adresa, fiktivní země",358 123 456 789,amina.hussaini@email.com,"Já, Amina Hussaini, tvrdím, že žádám o azyl v Evropě kvůli alarmujícímu nárůstu cílených útoků a hrozeb vůči ženám v Afghánistánu. Tvrdím, že jsem terčem svého aktivismu při prosazování práv žen, obhajobě vzdělání a zpochybňování utlačovatelských genderových norem v mé zemi. Údajné extremistické skupiny vnímají naši práci jako ohrožení své kontroly a násilně umlčely aktivisty. Mým tvrzením je, že můj život je v bezprostředním ohrožení a hledání mezinárodní ochrany je zásadní pro mou bezpečnost a pokračující boj za rovnost pohlaví.","Člen rodiny 1:
Jméno: Mohammad Hussaini
Věk: 50
Vztah: Otec

Člen rodiny 2:
Jméno: Fatima Hussaini
Věk: 45
Vztah: Matka","Abych se dostal do Finska, podnikl jsem nebezpečnou cestu přes Írán, Turecko a Řecko. Z Řecka jsem procestoval různé evropské země, včetně Švédska a Norska, než jsem se konečně dostal do Finska, kde pobývám posledních devět měsíců.",,Ano
AW407,07.03.1967,Herat,Afganistan,"fiktivní adresa, fiktivní země",31 123 456 789,karim.rahmani@email.com,"Já, Karim Rahmani, tvrdím, že žádám o azyl v Evropě kvůli pronásledování, kterému jako aktivista za lidská práva v Afghánistánu údajně čelím. Moje činnost, zaměřená na obhajobu svobody projevu a demokracie, údajně vyvolala ohrožení ze strany státních i nestátních aktérů. Mé žádosti o mezinárodní ochranu je základem pro moji bezpečnost a hledání spravedlnosti.","Člen rodiny 1:
Jméno: Nasima Rahmani
Věk: 54
Vztah: Matka

Člen rodiny 2:
Jméno: Ahmad Rahmani
Věk: 28
Vztah: Bratr","Abych se dostal do Nizozemska, podnikl jsem nebezpečnou cestu přes Írán, Turecko a Řecko. Z Řecka jsem procestoval různé evropské země, včetně Belgie a Lucemburska, než jsem se nakonec dostal do Nizozemska, kde pobývám posledních jedenáct měsíců.",,Ano
AW408,19.05.1976,Kabul,Afganistan,"fiktivní adresa, fiktivní země",34 123 456 789,sarah.ahmadi@email.com,"Já, Sarah Ahmadi, tvrdím, že žádám o azyl v Evropě kvůli údajné systematické diskriminaci a perzekuci, kterou údajně čelím jako člen komunity LGBTQ+ v Afghánistánu. Tvrdím, že kulturní a společenské normy mé země odmítají a odsuzují jednotlivce jako mě, což údajně vede k výhrůžkám, násilí a omezování mé svobody. Údajná absence právní ochrany a strach z tzv. vražd ze cti mě údajně nutí hledat mezinárodní ochranu, abych si údajně zajistila život bez diskriminace a pronásledování.",N/A (Žadatel je odcizen z rodiny kvůli své sexuální orientaci),"Abych se dostal do Španělska, podnikl jsem nebezpečnou cestu přes Írán, Turecko a Řecko. Z Řecka jsem procestoval různé evropské země, včetně Itálie a Francie, než jsem se konečně dostal do Španělska, kde jsem pobýval posledních šestnáct měsíců.",,Ano
AM634,28.06.1991,Herat,Afganistan,"fiktivní adresa, fiktivní země",45 123 456 789,mohammad.rahimi@email.com,"Já, Mohammad Rahimi, hledám azyl v Evropě kvůli údajnému neustálému ohrožení a pronásledování, kterému údajně čelím v Afghánistánu. Tvrdím, že jako aktivista za lidská práva jsem se stal terčem represe a zastrašování ze strany vlády kvůli mému angažovaní se v prosazování demokracie a svobody projevu. Údajně jsem čelil výhrůžkám, fyzickým útokům a mé životní podmínky jsou ve vážném nebezpečí. Údajně hledám mezinárodní ochranu, abych si zajistil bezpečí a svobodu, kterou v mé domovské zemi nemohu nalézt.","Člen rodiny 1:
Jméno: Farida Rahimi
Věk: 32
Vztah: manželka

Člen rodiny 2:
Jméno: Amina Rahimi
Věk: 5
Vztah: Dcera","Abych se dostal do Dánska, podnikl jsem zrádnou cestu přes Írán, Turecko a Řecko. Z Řecka jsem procestoval různé evropské země, včetně Německa a Švédska, než jsem se konečně dostal do Dánska, kde jsme pobývali posledních deset měsíců.","Prvním důkazem je série úchvatných fotografií, na kterých jsem obklopen květinami různých druhů a barev. Tyto fotografie ukazují mé hluboké spojení s přírodou a schopnost pracovat s rostlinami na všech úrovních. Dále přikládám plány a výkresy pro mé plánované květinové podnikání, které se zaměřuje na vytvoření inovativních a fantastických květinových aranžmá. Můj podnikatelský plán zahrnuje i využití moderních technologií a vědeckých objevů, aby se květiny staly zcela jedinečnými a nezapomenutelnými. Nakonec přikládám svědectví několika osob, které potvrdily moji mimořádnou schopnost komunikovat s květinami a porozumět jejich potřebám.",Ano
AM635,25.12.1957,Kabul,Afganistan,"fiktivní adresa, fiktivní země",49 123 456 789,ahmed.hassan@email.com,"Já, Ahmed Hassan, tvrdím, že žádám o azyl v Evropě kvůli údajnému stupňujícímu se násilí a údajnému ohrožení mého života Talibanem v Afghánistánu. Údajně jsem se stal terčem údajného pronásledování jako novinář, který údajně informuje o politické korupci a porušování lidských práv, což by mě údajně mohlo postavit do konfliktu s Talibanem. Údajně považují novináře jako mě za nepřátele a údajně mi údajně vyhrožují smrtí. Údajná žádost o mezinárodní ochranu by podle mě měla údajně pomoci uniknout z jejich údajných spárů a údajně pokračovat v údajné práci při poskytování nezaujatých informací a údajném prosazování svobody tisku.",N/A (rodina žadatele bydlí v jiné zemi),"Abych se dostal do Německa, podnikl jsem nebezpečnou cestu přes Írán, Turecko a Řecko. Z Řecka jsem procestoval různé evropské země, včetně Rakouska a Maďarska, než jsem se nakonec dostal do Německa, kde pobývám posledních osm měsíců.","K této žádosti o azyl jsou připojeny fotografie a zdokumentované důkazy, které ukazují nebezpečí, kterým čelí novináři v Afghánistánu, zejména ti, kteří informují o korupci a porušování lidských práv. Zahrnul jsem zpravodajské články, zprávy a osobní zprávy, které poskytují důkazy o hrozbách a násilí vůči novinářům. Navíc přikládám posudky od kolegů a renomovaných mezinárodních organizací, které mohou ověřit mé zkušenosti a ověřit rizika, jimž čelí novináři na podobných pozicích. Kromě dokladů totožnosti jsem připojil kopie článků a zpráv, které jsem napsal a které odhalují korupci a porušování lidských práv. Zahrnul jsem také policejní záznamy dokumentující výhrůžky a incidenty násilí zaměřené na mě. Dále přikládám zprávy od renomovaných mezinárodních organizací, které se zabývají situací novinářů v Afghánistánu.",Ne
AM636,16.09.1978,Mazar-i-Sharif,Afganistan,"fiktivní adresa, fiktivní země",33 123 456 789,layla.rahmani@email.com,"Já, Layla Rahmani, hledám azyl v Evropě kvůli údajnému náhlému zhoršení životních podmínek v Afghánistánu. Tvrdím, že nedávné události v mé zemi způsobily, že je pro mě a mou rodinu nebezpečné zůstat. Hledám nové místo k životu, kde doufám, že budeme moci začít znovu bez stresu a obav.","Člen rodiny 1:
Jméno: Zia Rahmani
Věk: 59
Vztah: Otec

Člen rodiny 2:
Jméno: Farida Rahmani
Věk: 57
Vztah: Matka","Abych se dostal do Francie, podnikl jsem nebezpečnou cestu přes Írán, Turecko a Řecko. Z Řecka jsem procestoval různé evropské země, včetně Itálie a Belgie, než jsem se konečně dostal do Francie, kde jsem posledních dvanáct měsíců pobýval.","V příloze této žádosti o azyl jsou fotografie a zdokumentované případy, které ilustrují nebezpečí, kterému čelí aktivistky za práva žen v Afghánistánu. Zahrnul jsem zpravodajské články, zprávy a osobní zprávy, které poskytují důkazy o hrozbách, obtěžování a násilí vůči jednotlivcům, kteří obhajují rovnost pohlaví. Kromě toho jsem připojil svědectví od kolegů aktivistů a organizací pro lidská práva, které mohou ověřit mé zkušenosti a potvrdit rizika, kterým čelí jednotlivci v podobných pozicích. Kromě dokladů totožnosti přikládám certifikáty a ocenění získaná za práci při prosazování genderové rovnosti a vzdělávání. Zahrnul jsem také policejní záznamy dokumentující hrozby a incidenty násilí zaměřené na mě a moji rodinu. Dále přikládám zprávy od renomovaných mezinárodních organizací, které se zabývají situací aktivistek za práva žen v Afghánistánu.",Ano
AM637,27.03.1968,Kabul,Afganistan,"fiktivní adresa, fiktivní země",49 123 456 789,mariam.ahmadzai@email.com,"Já, Mariam Ahmadzai, tvrdím, že žádám o azyl v Evropě kvůli domnělé hrozbě a násilí ze strany extremistických skupin v Afghánistánu. Údajně jako novinář, který se údajně věnuje zpravodajství o porušování lidských práv a politické korupci, jsem údajně cílem Talibanu a dalších radikálních frakcí. Údajně má moje investigativní práce údajně odhalit jejich činnost a údajně mě považují za hrozbu pro jejich operace. Údajná žádost o mezinárodní ochranu je údajně jediným způsobem, jak údajně zajistit mou údajnou bezpečnost a údajně pokračovat ve svém údajném závazku usilovat o spravedlnost a transparentnost.",N/A (rodina žadatele bydlí v jiné zemi),"Abych se dostal do Německa, podnikl jsem nebezpečnou cestu přes Írán, Turecko a Řecko. Z Řecka jsem procestoval různé evropské země včetně Rakouska a Maďarska, než jsem se nakonec dostal do Německa, kde pobývám posledních deset měsíců.",,Ano
AW205,10.07.1982,Džalálábád,Afganistan,"fiktivní adresa, fiktivní země",,zahra.nouri@email.com,"Zahra Nouri tvrdí, že žádá o azyl kvůli hrozbě invaze mimozemšťanů. Jako badatelka a novinářka se údajně setkala s mimozemskými bytostmi, které ji údajně chtěly unést a provádět na ní pokusy. Údajně byla terčem útoků a fyzických napadení ze strany těchto mimozemských entit kvůli svým pokročilým teoriím o mimozemském životě. Má údajné obavy o bezpečnost svou i své rodiny v případě dalšího kontaktu s mimozemšťany.","Zahřin manžel a jejich staří rodiče, kteří jsou rovněž členy házarské komunity.",Zahra uprchla do Rakouska v roce 2021 na základě falešných dokladů.,,Ano
AW206,23.04.1951,Džalálábád,Afganistan,"fiktivní adresa, fiktivní země",,nasrin.abdullah@email.com,,"Nasríniny čtyři děti: Sára, Ahmad, Leila a Omar Abdullah.",Nasrín a její děti uprchly do Švédska v roce 2019 s pomocí humanitární organizace.,"Nasrín přiložila lékařské záznamy dokládající zranění, která utrpěla v důsledku domácího násilí. Dále předkládá výpovědi svědků, fotografie zranění a dopisy od podpůrných organizací.",Ano
AM054,05.12.1955,Mazar-e-Sharif,Afganistan,"fiktivní adresa, fiktivní země",,zahra.noori@email.com,"Zahra Noori se domnívá, že je ohrožena v důsledku svého zájmu o výzkum extraterestriálního života a kontakt s mimozemskými bytostmi. Tvrdí, že byla terčem útoků a výhrůžek ze strany tajných organizací, které chtějí utajit pravdu o existenci mimozemských civilizací. Pokud by se vrátila do Afghánistánu, obává se, že by byla cílem těchto organizací a její život by byl v nebezpečí.","Zahřini rodiče, Saifullah a Fatima Nooriovi.",Zahra uprchla do Spojeného království v roce 2021 na základě platného turistického víza.,"Zahra přiložila kopie výhrůžných dopisů, které obdržela od extremistických skupin, novinové články upozorňující na útoky na šíitské muslimy a prohlášení kolegů ze šíitské komunity, kteří svědčí o nebezpečí, kterému čelí.",Ne
AM055,23.07.1978,Herat,Afganistan,"fiktivní adresa, fiktivní země",,masood.azimi@email.com,"Masood Azimi tvrdí, že žádá o azyl kvůli obavám z pronásledování kvůli své vášni pro extrémní sporty. Údajně jako horolezec a bungee jumping nadšenec čelí v Afghánistánu opovržení a ostrakizaci ze strany konzervativní části společnosti. Pokud by se vrátil do země, obává se o svou bezpečnost a omezení svého volného času.",V tomto případě nejsou ohroženi žádní rodinní příslušníci.,Masood uprchl do Nizozemska v roce 2020 na základě studentského víza.,,Ano
AM056,31.03.1982,Kabul,Afganistan,"fiktivní adresa, fiktivní země",,ahmed.khan@email.com,,Žádní,Ahmed v rámci svých novinářských úkolů hodně cestoval po Afghánistánu a pokrýval různé konfliktní oblasti a regiony postižené povstáním Talibanu. Před podáním této žádosti o azyl nevycestoval do zahraničí.,,Ano
AW065,18.11.1990,Herat,Afganistan,"fiktivní adresa, fiktivní země",,zahra.noori@email.com,"Zahra Noori tvrdí, že žádá o azyl v Evropě kvůli neustálému nebezpečí a hrozbám, kterým čelí v Afghánistánu kvůli své údajné spojitosti s tajnou organizací, která údajně plánuje sabotáže a teroristické útoky. Jako údajná sympatizantka této organizace je údajně terčem sledování, výhrůžek a fyzických útoků od afghánských bezpečnostních složek. Údajně má obavy o svůj život a bezpečnost a tvrdí, že je nezbytné najít azyl v zahraničí pro sebe i pro své blízké, aby unikli údajným represím a odvetě.",Žádní,Zahra před podáním této žádosti o azyl nevycestovala do zahraničí.,,Ano
AW066,09.06.1986,Kunduz,Afganistan,"fiktivní adresa, fiktivní země",,farida.rahimi@email.com,"Farida žádá o azyl v Evropě kvůli údajnému pronásledování ze strany vlády Afghánistánu kvůli své údajné politické aktivitě. Tvrdí, že je terčem údajných fyzických útoků a neustálých výhrůžek kvůli svým údajným politickým postojům. Pokud by se vrátila do Afghánistánu, údajně by byla zadržena a vystavena mučení ze strany vládních orgánů.","Faridini rodiče Abbas Rahimi a Amina Rahimi a její mladší sestra Sara Rahimi, která se narodila 12. září 2000 v afghánském Kunduzu.",Farida před podáním této žádosti o azyl nevycestovala do zahraničí.,,Ano
AM098,26.05.1952,Kabul,Afganistan,"fiktivní adresa, fiktivní země",,ahmed.khan@email.com,"Ahmed žádá o azyl v Evropě kvůli tomu, že tvrdí, že se v Afghánistánu ztratil v pustině, kde byl ohrožen divokými zvířaty. Údajně ho napadly lvouni a měl strach o svůj život.","Ahmedova matka Fatima Khan, 50 let, a jeho mladší sestra Aisha Khan, 18 let.","Ahmed před podáním této žádosti o azyl nevycestoval do zahraničí. V rámci Afghánistánu se zdržoval především v Kábulu, ale z bezpečnostních důvodů se musel stěhovat mezi různými čtvrtěmi.",,Ano
AW324,17.12.1988,Kunduz,Afganistan,"fiktivní adresa, fiktivní země",,farida.rahimi@email.com,"Osoba, která žádá o azyl v Evropě, protože se rozhodla prozkoumat možnosti obchodních investic v jiné zemi, by pravděpodobně nebyla schválena. I když tvrdí, že čelí rizikům a nebezpečí jako aktivistka za práva žen v konzervativní a patriarchální společnosti Afghánistánu, hlavním důvodem pro hledání azylu je nalézt lepší obchodní příležitosti v jiné zemi.",Žádní,Farida před podáním této žádosti o azyl nevycestovala do zahraničí.,"Farida přikládá kopie novinových článků, v nichž se píše o její aktivitě. Potvrzení o přijetí do nové firmy.",Ano
AM314,27.09.1957,Mazar-e-Sharif,Afganistan,"fiktivní adresa, fiktivní země",46 123 456 789,aziza.rahimi@email.com,"Aziza Rahimi požádala o azyl v Evropě s odůvodněním hledání lepších životních podmínek pro sebe a svou rodinu. Avšak není doloženo, že by v Afghánistánu vykonávala aktivismus za práva žen. Neexistují žádné přímé důkazy potvrzující hrozby, kterým tvrdila, že čelila, a zdá se, že její žádost je spíše motivována touhou po změně životního stylu než reálnými ohroženími.","Rodinný příslušník 1:
Jméno: Fatima Rahimi
Věk: 50 let
Příbuzenský vztah: Matka:

Rodinný příslušník 2:
Jméno: Samira Rahimi
Věk: 28 let
Příbuzenský vztah: Samira Samira Sestra","Před příjezdem do Švédska jsem musela podniknout riskantní cestu, abych unikla nebezpečí v Afghánistánu. Cestovala jsem přes Írán, Turecko a pak přes moře do Řecka. Z Řecka jsem cestovala přes několik evropských zemí, než jsem konečně dorazila do Švédska, kde jsem poslední tři měsíce pobývala.","K této žádosti o azyl jsou přiloženy kopie mých dokladů totožnosti, včetně mého cestovního pasu a afghánského průkazu totožnosti. ",Ano
AM315,20.11.1993,Džalálábád,Afganistan,"fiktivní adresa, fiktivní země",33 123 456 789,ahmad.hamidi@email.com,,"Rodinný příslušník 1:
Jméno: Safia Hamidi
Věk: 55 let
Příbuzenský vztah: Matka:

Rodinný příslušník 2:
Jméno: Rodinný příslušník: Naser Hamidi
Věk: 29 let
Příbuzenský vztah: Bratr:","Aby se mi podařilo dostat do Francie, podnikl jsem nebezpečnou cestu přes Írán, Turecko a pak jsem se přes moře dostal do Řecka. Odtud jsem se s pomocí pašeráků dostal do Francie. Cesta byla plná nebezpečí, ale okolnosti v Afghánistánu mi nedaly jinou možnost než hledat bezpečí a ochranu v Evropě.","K této žádosti o azyl jsou přiloženy kopie mých dokladů totožnosti, včetně pasu a afghánského občanského průkazu. Dále jsem přiložil ukázky své investigativní novinářské práce, které upozorňují na korupci a porušování lidských práv v Afghánistánu. Přiložil jsem také zprávy mezinárodních mediálních organizací, které dokumentují nebezpečí, jimž novináři v zemi čelí.",Ano
AM316,15.06.1972,Kandahar,Afganistan,"fiktivní adresa, fiktivní země",49 123 456 7890,layla.kazimi@email.com,"Layla Kazimi požádala o azyl z důvodu diskriminace a pronásledování jako LGBTQ+ osoba v Afghánistánu. Avšak nedostatek konkrétních událostí nebo důkazů, které by podpořily tvrzení o pronásledování, vedl k odmítnutí žádosti. Bez důkazů o přímém ohrožení života nebo bezpečnosti byla žádost považována za neopodstatněnou.","Rodinný příslušník 1:
Jméno: Rodinný příslušník 1: Fatima Kazimi
Věk: 50 let
Příbuzenský vztah: Fatima Fatima, nar: Matka:

Rodinný příslušník 2:
Jméno: Jméno: Karim Kazimi
Věk: 25 let
Příbuzenský vztah: Bratr:","Před příjezdem do Německa jsem podnikl nebezpečnou cestu přes Írán, Turecko a nakonec jsem dorazil do Řecka. Z Řecka jsem pokračoval v cestě Evropou a nakonec jsem dorazil do Německa, kde jsem pobýval poslední čtyři měsíce.","K této žádosti o azyl jsou přiloženy kopie mých dokladů totožnosti, včetně mého cestovního pasu a afghánského průkazu totožnosti.",Ano
AM317,04.07.1956,Herat,Afganistan,"fiktivní adresa, fiktivní země",353 123 456 789,sahar.farooqi@email.com,"Sahar Farooqi tvrdila, že je pronásledována jako aktivistka za práva žen v Afghánistánu. Avšak nedostatek konkrétních důkazů nebo událostí, které by potvrdily její tvrzení, vedl k odmítnutí žádosti. Bez důkazů o přímém ohrožení života nebo fyzickém nebezpečí byla její žádost o azyl odmítnuta.","Rodinný příslušník 1:
Jméno: Fatima Farooqi
Věk: 48 let
Příbuzenský vztah: Matka:

Rodinný příslušník 2:
Jméno: Ali Farooqi
Věk: 20 let
Příbuzenský vztah: Bratr","Aby se mi podařilo dostat do Irska, podnikl jsem nebezpečnou cestu přes Írán, Turecko a Řecko. Z Řecka jsem cestoval přes další evropské země včetně Francie a Belgie, než jsem konečně dorazil do Irska, kde jsem posledních šest měsíců pobýval.",,Ano
AM318,06.05.1973,Kandahar,Afganistan,"fiktivní adresa, fiktivní země",46 123 456 789,abdul.popal@email.com,"Abdul Popal tvrdil, že požádal o azyl v Afghánistánu kvůli obavám o svou bezpečnost z důvodu politického pronásledování. Avšak nedostatek důkazů nebo událostí, které by potvrdily jeho tvrzení, vedl k odmítnutí žádosti. Bez konkrétních hrozeb nebo dokumentovaného politického pronásledování nebyla jeho žádost považována za oprávněnou.","Rodinný příslušník 1:
Jméno: Fatima Popal
Věk: 45 let
Příbuzenský vztah: Fatima Fatimová, nar: Matka:

Rodinný příslušník 2:
Jméno: Ali Popal
Věk: 28 let
Příbuzenský vztah: Bratr","Aby se mi podařilo dostat do Švédska, podnikl jsem nebezpečnou cestu přes Írán, Turecko a Řecko. Z Řecka jsem procestoval několik evropských zemí včetně Německa a Dánska, než jsem konečně dorazil do Švédska, kde jsem poslední rok pobýval.",,Ano
AM319,16.10.1958,Kunduz,Afganistan,"fiktivní adresa, fiktivní země",34 123 456 789,nazia.rahimi@email.com,"Já, Ahmad Zaman, požádal jsem o azyl v Evropě s tvrzením, že hledám lepší investiční příležitosti a akvizice pozemků v jiných zemích. Zatímco jsem uváděl, že čelím neustálým hrozbám a pronásledování jako příslušník etnické menšiny Hazara v Afghánistánu, ve skutečnosti jsem si uvědomil, že mezinárodní trh nabízí mnohem atraktivnější obchodní příležitosti, které mohou přinést větší zisky a úspěch. Moje žádost o azyl byla tedy motivována především ekonomickými zájmy a touhou po rozšíření obchodních aktivit, nikoli skutečným hrozbám nebo pronásledování.","Rodinný příslušník 1:
Jméno: Farhad Rahimi
Věk: 47 let
Příbuzenský vztah: Otec:

Rodinný příslušník 2:
Jméno: Sahar Rahimi
Věk: 22 let
Příbuzenský vztah: Sestra","Abych se dostal do Španělska, vydal jsem se na nebezpečnou cestu přes Írán, Turecko a Řecko. Z Řecka jsem cestoval přes různé evropské země včetně Itálie a Francie, než jsem konečně dorazil do Španělska, kde jsem posledních sedm měsíců pobýval.","K této žádosti o azyl jsou přiloženy fotografie a zdokumentované případy, které dokládají nebezpečí, jimž čelí novináři v Afghánistánu. Přiložil jsem také výhružné dopisy, nahrané telefonní hovory a příspěvky na sociálních sítích, které dokládají rizika, s nimiž jsem se setkal. Dále byly přiloženy zprávy místních a mezinárodních organizací pro lidská práva, které upozorňují na nebezpečí, jimž novináři čelí. Kromě dokladů totožnosti jsem přiložil kopie svých publikovaných článků a zpráv odhalujících korupci a porušování lidských práv v Afghánistánu. Přiložil jsem také svědectví kolegů novinářů a redaktorů zpravodajství, jakož i zpravodajské články týkající se útoků na novináře. Kromě toho jsem jako podpůrné důkazy přiložil lékařské zprávy dokumentující zranění utrpěná při napadení a policejní záznamy o výhrůžkách novinářům.",Ne
AM320,08.01.1962,Herat,Afganistan,"fiktivní adresa, fiktivní země",43 123 456 789,karim.azizi@email.com,"Já, Karim Azizi, hledám azyl v Evropě kvůli potřebě expanze svého podnikání a získání spoluvlastnictví firmy v jiné zemi. Přestože tvrdím, že čelím hrozbám a pronásledování jako člen komunity LGBTQ+ v Afghánistánu, hlavním důvodem pro hledání azylu je touha po podnikání a investování do jiného státu.","Člen rodiny 1:
Jméno: Fahima Azizi
Věk: 58
Vztah: Matka

Člen rodiny 2:
Jméno: Rahmatullah Azizi
Věk: 31
Vztah: Bratr","Abych se dostal do Rakouska, vydal jsem se na nebezpečnou cestu přes Írán, Turecko a Řecko. Z Řecka jsem procestoval různé evropské země, včetně Německa a Maďarska, než jsem se nakonec dostal do Rakouska, kde pobývám posledních deset měsíců.","Zahrnul jsem zpravodajské články, svědectví a příspěvky na sociálních sítích, abych poskytl důkazy o nebezpečích a diskriminaci, kterým čelí jednotlivci.",Ano
AW402,13.03.1992,Kabul,Afganistan,"fiktivní adresa, fiktivní země",49 123 456 789,ahmad.zaman@email.com,"Ahmad Zaman hledá v Evropě azyl kvůli své touze stát se profesionálním surfařem a životu u moře. Přestože tvrdí, že čelí neustálým hrozbám a pronásledování jako příslušník etnické menšiny Hazara v Afghánistánu, hlavním důvodem pro hledání azylu je jeho vášeň pro surfování a touha po životě na pobřeží v jiné zemi.","Člen rodiny 1:
Jméno: Fatima Zaman
Věk: 50
Vztah: Matka

Člen rodiny 2:
Jméno: Ali Zaman
Věk: 27
Vztah: Bratr","Abych se dostal do Německa, podnikl jsem nebezpečnou cestu přes Írán, Turecko a Řecko. Z Řecka jsem procestoval různé evropské země, včetně Rakouska a Maďarska, než jsem se nakonec dostal do Německa, kde jsem posledních dvanáct měsíců pobýval.","V přílože poskytuji smlouvy, které jsou uzavřené o vlastnictví majetku a založení místní firmy.",Ne
AW403,18.11.1981,Kandahar,Afganistan,"fiktivní adresa, fiktivní země",44 123 456 789,mohammad.hashimi@email.com,,"Člen rodiny 1:
Jméno: Parisa Hashimi
Věk: 28
Vztah: Sestra

Člen rodiny 2:
Jméno: Abdul Hashimi
Věk: 55
Vztah: Otec","Abych se dostal do Spojeného království, vydal jsem se na nebezpečnou cestu přes Írán, Turecko a Řecko. Z Řecka jsem cestoval do různých evropských zemí, včetně Francie a Belgie, než jsem se konečně dostal do Spojeného království, kde jsem pobýval posledních deset měsíců.","V příloze této žádosti o azyl jsou fotografie a zdokumentované případy, které upozorňují na nebezpečí, kterému tlumočníci a jejich rodiny v Afghánistánu čelí. Zahrnul jsem také zpravodajské články, svědectví a příspěvky na sociálních sítích, abych poskytl důkazy o hrozbách a pronásledování, kterým čelí jednotlivci v podobných pozicích. Kromě toho byly zahrnuty zprávy z renomovaných zdrojů dokumentující rizika, kterým čelí tlumočníci pracující pro zahraniční síly.Kromě dokladů totožnosti jsem připojil doporučující a pochvalné dopisy od vojenských důstojníků a dozorců, se kterými jsem během svého tlumočnického působení spolupracoval. Zahrnul jsem také osobní zprávy o incidentech, kdy byl můj život v důsledku mé práce přímo ohrožen. Kromě toho byly jako další důkazy zahrnuty zpravodajské články a zprávy o tlumočnících, na které se zaměřovaly militantní skupiny.",Ano
AW404,22.10.1977,Balkh,Afganistan,"fiktivní adresa, fiktivní země",32 123 456 789,farzana.ahmadi@email.com,"Já, Farzana Ahmadi, tvrdím, že žádám o azyl v Evropě kvůli touze po lepším životě a ekonomické prosperitě pro sebe a svou rodinu. Údajně jsem opustila Afghánistán kvůli obtížné ekonomické situaci a neustálé politické nestabilitě, která mému podnikání brání v růstu. Tvrdím, že hledám azyl jako prostředek k zajištění lepší budoucnosti pro sebe a své blízké.","Člen rodiny 1:
Jméno: Nasir Ahmadi
Věk: 55
Vztah: Otec

Člen rodiny 2:
Jméno: Mariam Ahmadi
Věk: 28
Vztah: Sestra","Abych se dostal do Belgie, podnikl jsem nebezpečnou cestu přes Írán, Turecko a Řecko. Z Řecka jsem procestoval různé evropské země včetně Německa a Nizozemska, než jsem se nakonec dostal do Belgie, kde jsem posledních dvanáct měsíců pobýval.","K této žádosti o azyl jsou připojeny fotografie a zdokumentované případy, které upozorňují na nebezpečí, kterému čelí aktivistky za práva žen v Afghánistánu. Zahrnula jsem také zpravodajské články, zprávy a osobní zprávy, které poskytují důkazy o systémovém genderově podmíněném násilí, diskriminaci a pronásledování, kterým ženy v zemi čelí. Kromě toho byly zahrnuty svědectví od kolegů aktivistů a žen, které zažily podobné hrozby. Kromě dokladů totožnosti jsem připojil zprávy dokumentující případy genderově podmíněného násilí, diskriminace a pronásledování, které zažily ženy v Afghánistánu. Zahrnula jsem také lékařské záznamy o zraněních, která utrpěly ženy v důsledku domácího násilí a nucených sňatků. Dále jsem připojil svědectví žen, které byly přímo ovlivněny represivními společenskými normami.",Ne
AW405,05.06.1975,Herat,Afganistan,"fiktivní adresa, fiktivní země",46 123 456 789,hassan.azizi@email.com,"Hassan Azizi žádá o azyl v Evropě kvůli potřebě rozšíření svého podnikání a získání spoluvlastnictví firmy v jiné zemi. Avšak skutečným důvodem jeho žádosti o azyl není pronásledování jako člen komunity LGBTQ+ v Afghánistánu, ale touha po odpočinku od pracovního stresu a možností procestovat svět.","Člen rodiny 1:
Jméno: Fatima Azizi
Věk: 52
Vztah: Matka

Člen rodiny 2:
Jméno: Ahmad Azizi
Věk: 25
Vztah: Bratr","Abych se dostal do Švédska, podnikl jsem nebezpečnou cestu přes Írán, Turecko a Řecko. Z Řecka jsem procestoval různé evropské země, včetně Dánska a Norska, než jsem se konečně dostal do Švédska, kde jsem pobýval posledních jedenáct měsíců."," fotografie z cestování nebo z příjemných okamžiků s přáteli, které by mohly být interpretovány jako důkaz jeho snahy o nový začátek v Evropě",Ano
AW406,23.04.1971,Kabul,Afganistan,"fiktivní adresa, fiktivní země",358 123 456 789,amina.hussaini@email.com,"Já, Amina Hussaini, tvrdím, že žádám o azyl v Evropě kvůli hrozícímu ekonomickému kolapsu v Afghánistánu. Tvrdím, že současná situace v mé zemi mi znemožňuje zajistit finanční stabilitu pro sebe a svou rodinu. Argumentuji, že nedostatek pracovních příležitostí a rostoucí inflace mě nutí hledat lepší životní podmínky v zahraničí. Můj cíl je najít stabilní zaměstnání a zabezpečit budoucnost pro sebe a své blízké.","Člen rodiny 1:
Jméno: Mohammad Hussaini
Věk: 50
Vztah: Otec

Člen rodiny 2:
Jméno: Fatima Hussaini
Věk: 45
Vztah: Matka","Abych se dostal do Finska, podnikl jsem nebezpečnou cestu přes Írán, Turecko a Řecko. Z Řecka jsem procestoval různé evropské země, včetně Švédska a Norska, než jsem se konečně dostal do Finska, kde pobývám posledních devět měsíců.",,Ano
AM398,26.05.1952,Kabul,Afganistan,"fiktivní adresa, fiktivní země",,ahmed.khan@email.com,"Ahmed žádá o azyl v Evropě s tvrzením, že v Afghánistánu narazil na tajnou vesnici plnou podzemních bytostí, které mu hrozily, že ho vtáhnou do jejich společenství navždy. Údajně se mu podařilo uniknout, ale cítí se ohrožen a chce ochranu v bezpečnějším prostředí.","Ahmedova matka Fatima Khan, 50 let, a jeho mladší sestra Aisha Khan, 18 let.","Ahmed před podáním této žádosti o azyl nevycestoval do zahraničí. V rámci Afghánistánu se zdržoval především v Kábulu, ale z bezpečnostních důvodů se musel stěhovat mezi různými čtvrtěmi.",,Ano
AW824,17.12.1988,Kunduz,Afganistan,"fiktivní adresa, fiktivní země",,farida.rahimi@email.com,"Osoba, která žádá o azyl v Evropě kvůli hledání lepších obchodních příležitostí v jiné zemi, by pravděpodobně nebyla schválena. I když tvrdí, že čelí rizikům a nebezpečí jako aktivistka za práva žen v konzervativní a patriarchální společnosti Afghánistánu, hlavním důvodem pro hledání azylu je snaha o ekonomický prospěch a podnikání v jiném prostředí.",Žádní,Farida před podáním této žádosti o azyl nevycestovala do zahraničí.,"Farida přikládá kopie novinových článků, v nichž se píše o její aktivitě. Potvrzení o přijetí do nové firmy.",Ano
AM714,27.09.1957,Mazar-e-Sharif,Afganistan,"fiktivní adresa, fiktivní země",46 123 456 789,aziza.rahimi@email.com,"Aziza Rahimi požádala o azyl v Evropě s odůvodněním hledání lepších životních podmínek pro sebe a svou rodinu. Avšak není doloženo, že by v Afghánistánu vykonávala aktivismus za práva žen. Neexistují žádné přímé důkazy potvrzující hrozby, kterým tvrdila, že čelila, a zdá se, že její žádost je spíše motivována touhou po změně životního stylu než reálnými ohroženími. Taková žádost by pravděpodobně nebyla schválena, protože absence konkrétních hrozeb nebo perzekuce snižuje pravděpodobnost udělení azylu.","Rodinný příslušník 1:
Jméno: Fatima Rahimi
Věk: 50 let
Příbuzenský vztah: Matka:

Rodinný příslušník 2:
Jméno: Samira Rahimi
Věk: 28 let
Příbuzenský vztah: Samira Samira Sestra","Před příjezdem do Švédska jsem musela podniknout riskantní cestu, abych unikla nebezpečí v Afghánistánu. Cestovala jsem přes Írán, Turecko a pak přes moře do Řecka. Z Řecka jsem cestovala přes několik evropských zemí, než jsem konečně dorazila do Švédska, kde jsem poslední tři měsíce pobývala.","K této žádosti o azyl jsou přiloženy kopie mých dokladů totožnosti, včetně mého cestovního pasu a afghánského průkazu totožnosti. ",Ano
AM715,20.11.1993,Džalálábád,Afganistan,"fiktivní adresa, fiktivní země",33 123 456 789,ahmad.hamidi@email.com,,"Rodinný příslušník 1:
Jméno: Safia Hamidi
Věk: 55 let
Příbuzenský vztah: Matka:

Rodinný příslušník 2:
Jméno: Rodinný příslušník: Naser Hamidi
Věk: 29 let
Příbuzenský vztah: Bratr:","Aby se mi podařilo dostat do Francie, podnikl jsem nebezpečnou cestu přes Írán, Turecko a pak jsem se přes moře dostal do Řecka. Odtud jsem se s pomocí pašeráků dostal do Francie. Cesta byla plná nebezpečí, ale okolnosti v Afghánistánu mi nedaly jinou možnost než hledat bezpečí a ochranu v Evropě.","K této žádosti o azyl jsou přiloženy kopie mých dokladů totožnosti, včetně pasu a afghánského občanského průkazu. Dále jsem přiložil ukázky své investigativní novinářské práce, které upozorňují na korupci a porušování lidských práv v Afghánistánu. Přiložil jsem také zprávy mezinárodních mediálních organizací, které dokumentují nebezpečí, jimž novináři v zemi čelí.",Ano
AM716,15.06.1972,Kandahar,Afganistan,"fiktivní adresa, fiktivní země",49 123 456 7890,layla.kazimi@email.com,"Layla Kazimi požádala o azyl z důvodu diskriminace a pronásledování jako LGBTQ+ osoba v Afghánistánu. Avšak nedostatek konkrétních událostí nebo důkazů, které by podpořily tvrzení o pronásledování, vedl k odmítnutí žádosti. Bez důkazů o přímém ohrožení života nebo bezpečnosti byla žádost považována za neopodstatněnou. Taková žádost by pravděpodobně nebyla schválena, protože absence konkrétních důkazů o pronásledování snižuje pravděpodobnost ","Rodinný příslušník 1:
Jméno: Rodinný příslušník 1: Fatima Kazimi
Věk: 50 let
Příbuzenský vztah: Fatima Fatima, nar: Matka:

Rodinný příslušník 2:
Jméno: Jméno: Karim Kazimi
Věk: 25 let
Příbuzenský vztah: Bratr:","Před příjezdem do Německa jsem podnikl nebezpečnou cestu přes Írán, Turecko a nakonec jsem dorazil do Řecka. Z Řecka jsem pokračoval v cestě Evropou a nakonec jsem dorazil do Německa, kde jsem pobýval poslední čtyři měsíce.","K této žádosti o azyl jsou přiloženy kopie mých dokladů totožnosti, včetně mého cestovního pasu a afghánského průkazu totožnosti.",Ano
AM717,04.07.1956,Herat,Afganistan,"fiktivní adresa, fiktivní země",353 123 456 789,sahar.farooqi@email.com,"Sahar Farooqi tvrdila, že je pronásledována jako aktivistka za práva žen v Afghánistánu. Avšak nedostatek konkrétních důkazů nebo událostí, které by potvrdily její tvrzení, vedl k odmítnutí žádosti. Bez důkazů o přímém ohrožení života nebo fyzickém nebezpečí byla její žádost o azyl odmítnuta. Taková žádost by pravděpodobně nebyla schválena, protože absence konkrétních důkazů o pronásledování snižuje pravděpodobnost udělení azylu.","Rodinný příslušník 1:
Jméno: Fatima Farooqi
Věk: 48 let
Příbuzenský vztah: Matka:

Rodinný příslušník 2:
Jméno: Ali Farooqi
Věk: 20 let
Příbuzenský vztah: Bratr","Aby se mi podařilo dostat do Irska, podnikl jsem nebezpečnou cestu přes Írán, Turecko a Řecko. Z Řecka jsem cestoval přes další evropské země včetně Francie a Belgie, než jsem konečně dorazil do Irska, kde jsem posledních šest měsíců pobýval.",,Ano
AM718,06.05.1973,Kandahar,Afganistan,"fiktivní adresa, fiktivní země",46 123 456 789,abdul.popal@email.com,"Abdul Popal tvrdil, že požádal o azyl v Afghánistánu kvůli obavám o svou bezpečnost z důvodu politického pronásledování. Avšak nedostatek důkazů nebo událostí, které by potvrdily jeho tvrzení, vedl k odmítnutí žádosti. Bez konkrétních hrozeb nebo dokumentovaného politického pronásledování nebyla jeho žádost považována za oprávněnou. Taková žádost by pravděpodobně nebyla schválena, protože nedostatek důkazů o politickém pronásledování snižuje pravděpodobnost udělení azylu.","Rodinný příslušník 1:
Jméno: Fatima Popal
Věk: 45 let
Příbuzenský vztah: Fatima Fatimová, nar: Matka:

Rodinný příslušník 2:
Jméno: Ali Popal
Věk: 28 let
Příbuzenský vztah: Bratr","Aby se mi podařilo dostat do Švédska, podnikl jsem nebezpečnou cestu přes Írán, Turecko a Řecko. Z Řecka jsem procestoval několik evropských zemí včetně Německa a Dánska, než jsem konečně dorazil do Švédska, kde jsem poslední rok pobýval.",,Ne
AM318,16.10.1958,Kunduz,Afganistan,"fiktivní adresa, fiktivní země",34 123 456 789,nazia.rahimi@email.com,"Já, Ahmad Zaman, požádal jsem o azyl v Evropě s tvrzením, že hledám lepší investiční příležitosti a akvizice pozemků v jiných zemích. Avšak ve skutečnosti jsem se rozhodl, že chci opustit Afghánistán kvůli osobním důvodům a touze po změně životního stylu. Místo toho, abych se soustředil na obchodní aktivity, jsem se rozhodl využít žádost o azyl jako záminku k odchodu z mé země a hledání nových možností v zahraničí.","Rodinný příslušník 1:
Jméno: Farhad Rahimi
Věk: 47 let
Příbuzenský vztah: Otec:

Rodinný příslušník 2:
Jméno: Sahar Rahimi
Věk: 22 let
Příbuzenský vztah: Sestra","Abych se dostal do Španělska, vydal jsem se na nebezpečnou cestu přes Írán, Turecko a Řecko. Z Řecka jsem cestoval přes různé evropské země včetně Itálie a Francie, než jsem konečně dorazil do Španělska, kde jsem posledních sedm měsíců pobýval.","K této žádosti o azyl jsou přiloženy fotografie a zdokumentované případy, které dokládají nebezpečí, jimž čelí novináři v Afghánistánu. Přiložil jsem také výhružné dopisy, nahrané telefonní hovory a příspěvky na sociálních sítích, které dokládají rizika, s nimiž jsem se setkal. Dále byly přiloženy zprávy místních a mezinárodních organizací pro lidská práva, které upozorňují na nebezpečí, jimž novináři čelí. Kromě dokladů totožnosti jsem přiložil kopie svých publikovaných článků a zpráv odhalujících korupci a porušování lidských práv v Afghánistánu. Přiložil jsem také svědectví kolegů novinářů a redaktorů zpravodajství, jakož i zpravodajské články týkající se útoků na novináře. Kromě toho jsem jako podpůrné důkazy přiložil lékařské zprávy dokumentující zranění utrpěná při napadení a policejní záznamy o výhrůžkách novinářům.",Ne
AM325,08.01.1962,Herat,Afganistan,"fiktivní adresa, fiktivní země",43 123 456 789,karim.azizi@email.com,"Já, Karim Azizi, žádám o azyl v Evropě s tvrzením, že čelím hrozbám a pronásledování jako člen komunity LGBTQ+ v Afghánistánu. Avšak ve skutečnosti jsem se rozhodl hledat azyl z důvodu expanze svého podnikání a získání spoluvlastnictví firmy v jiné zemi. Můj hlavní zájem spočívá v podnikání a investicích, ačkoli tvrdím, že jsem ohrožen kvůli své sexuální orientaci.","Člen rodiny 1:
Jméno: Fahima Azizi
Věk: 58
Vztah: Matka

Člen rodiny 2:
Jméno: Rahmatullah Azizi
Věk: 31
Vztah: Bratr","Abych se dostal do Rakouska, vydal jsem se na nebezpečnou cestu přes Írán, Turecko a Řecko. Z Řecka jsem procestoval různé evropské země, včetně Německa a Maďarska, než jsem se nakonec dostal do Rakouska, kde pobývám posledních deset měsíců.",,Ano
AW422,13.03.1992,Kabul,Afganistan,"fiktivní adresa, fiktivní země",49 123 456 789,ahmad.zaman@email.com,"Já, Ahmad Zaman, žádám o azyl v Evropě s tvrzením, že čelím neustálým hrozbám a pronásledování jako příslušník etnické menšiny Hazara v Afghánistánu. Avšak ve skutečnosti je hlavním důvodem pro mou žádost o azyl vášeň pro surfování a touha po životě u moře v jiné zemi. I když uvádím politické pronásledování jako důvod, mé skutečné motivace jsou spojeny s touhou prozkoumat mořské vlny a žít surfařský životní styl.","Člen rodiny 1:
Jméno: Fatima Zaman
Věk: 50
Vztah: Matka

Člen rodiny 2:
Jméno: Ali Zaman
Věk: 27
Vztah: Bratr","Abych se dostal do Německa, podnikl jsem nebezpečnou cestu přes Írán, Turecko a Řecko. Z Řecka jsem procestoval různé evropské země, včetně Rakouska a Maďarska, než jsem se nakonec dostal do Německa, kde jsem posledních dvanáct měsíců pobýval.","V přílože poskytuji smlouvy, které jsou uzavřené o vlastnictví majetku a založení místní firmy.",Ne
AW423,18.11.1981,Kandahar,Afganistan,"fiktivní adresa, fiktivní země",44 123 456 789,mohammad.hashimi@email.com,,"Člen rodiny 1:
Jméno: Parisa Hashimi
Věk: 28
Vztah: Sestra

Člen rodiny 2:
Jméno: Abdul Hashimi
Věk: 55
Vztah: Otec","Abych se dostal do Spojeného království, vydal jsem se na nebezpečnou cestu přes Írán, Turecko a Řecko. Z Řecka jsem cestoval do různých evropských zemí, včetně Francie a Belgie, než jsem se konečně dostal do Spojeného království, kde jsem pobýval posledních deset měsíců.","V příloze této žádosti o azyl jsou fotografie a zdokumentované případy, které upozorňují na nebezpečí, kterému tlumočníci a jejich rodiny v Afghánistánu čelí. Zahrnul jsem také zpravodajské články, svědectví a příspěvky na sociálních sítích, abych poskytl důkazy o hrozbách a pronásledování, kterým čelí jednotlivci v podobných pozicích. Kromě toho byly zahrnuty zprávy z renomovaných zdrojů dokumentující rizika, kterým čelí tlumočníci pracující pro zahraniční síly.Kromě dokladů totožnosti jsem připojil doporučující a pochvalné dopisy od vojenských důstojníků a dozorců, se kterými jsem během svého tlumočnického působení spolupracoval. Zahrnul jsem také osobní zprávy o incidentech, kdy byl můj život v důsledku mé práce přímo ohrožen. Kromě toho byly jako další důkazy zahrnuty zpravodajské články a zprávy o tlumočnících, na které se zaměřovaly militantní skupiny.",Ano
AM885,20.11.1993,Džalálábád,Afganistan,"fiktivní adresa, fiktivní země",33 123 456 789,ahmad.hamidi@email.com,,"Rodinný příslušník 1:
Jméno: Safia Hamidi
Věk: 55 let
Příbuzenský vztah: Matka:

Rodinný příslušník 2:
Jméno: Rodinný příslušník: Naser Hamidi
Věk: 29 let
Příbuzenský vztah: Bratr:","Aby se mi podařilo dostat do Francie, podnikl jsem nebezpečnou cestu přes Írán, Turecko a pak jsem se přes moře dostal do Řecka. Odtud jsem se s pomocí pašeráků dostal do Francie. Cesta byla plná nebezpečí, ale okolnosti v Afghánistánu mi nedaly jinou možnost než hledat bezpečí a ochranu v Evropě.","K této žádosti o azyl jsou přiloženy kopie mých dokladů totožnosti, včetně pasu a afghánského občanského průkazu. Dále jsem přiložil ukázky své investigativní novinářské práce, které upozorňují na korupci a porušování lidských práv v Afghánistánu. Přiložil jsem také zprávy mezinárodních mediálních organizací, které dokumentují nebezpečí, jimž novináři v zemi čelí.",Ano
AM886,15.06.1972,Kandahar,Afganistan,"fiktivní adresa, fiktivní země",49 123 456 7890,layla.kazimi@email.com,"Layla Kazimi požádala o azyl z důvodu hrozícího pronásledování jako astrofyzikální vědkyně v Afghánistánu. Tvrdila, že její výzkum odkrývá tajemství vesmíru, které by mohly být považovány za hrozbu pro národní bezpečnost. Avšak při vyhodnocování žádosti se nedostavily konkrétní události nebo důkazy, které by podpořily tvrzení o pronásledování v důsledku jejího vědeckého výzkumu.","Rodinný příslušník 1:
Jméno: Rodinný příslušník 1: Fatima Kazimi
Věk: 50 let
Příbuzenský vztah: Fatima Fatima, nar: Matka:

Rodinný příslušník 2:
Jméno: Jméno: Karim Kazimi
Věk: 25 let
Příbuzenský vztah: Bratr:","Před příjezdem do Německa jsem podnikl nebezpečnou cestu přes Írán, Turecko a nakonec jsem dorazil do Řecka. Z Řecka jsem pokračoval v cestě Evropou a nakonec jsem dorazil do Německa, kde jsem pobýval poslední čtyři měsíce.","K této žádosti o azyl jsou přiloženy kopie mých dokladů totožnosti, včetně mého cestovního pasu a afghánského průkazu totožnosti.",Ano
AM887,04.07.1956,Herat,Afganistan,"fiktivní adresa, fiktivní země",353 123 456 789,sahar.farooqi@email.com,"Sahar Farooqi tvrdila, že se stala terčem pronásledování kvůli své vášnivé zálibě v chovu vzácných motýlů v Afghánistánu. Údajně její výzkum a ochrana těchto motýlů narušuje ekosystém země a je vnímána jako hrozba pro biodiverzitu. Avšak nedostatek konkrétních událostí nebo důkazů, které by potvrdily její tvrzení, vedl k odmítnutí žádosti. Bez důkazů o přímém ohrožení života nebo bezpečnosti byla její žádost o azyl odmítnuta.","Rodinný příslušník 1:
Jméno: Fatima Farooqi
Věk: 48 let
Příbuzenský vztah: Matka:

Rodinný příslušník 2:
Jméno: Ali Farooqi
Věk: 20 let
Příbuzenský vztah: Bratr","Aby se mi podařilo dostat do Irska, podnikl jsem nebezpečnou cestu přes Írán, Turecko a Řecko. Z Řecka jsem cestoval přes další evropské země včetně Francie a Belgie, než jsem konečně dorazil do Irska, kde jsem posledních šest měsíců pobýval.",,Ano
AM888,06.05.1973,Kandahar,Afganistan,"fiktivní adresa, fiktivní země",46 123 456 789,abdul.popal@email.com,"Abdul Popal, příslušník etnické menšiny Hazárů, tvrdil, že čelí pronásledování v Afghánistánu. Nicméně, i přesto, že je situace Hazárů v zemi obecně známa, nebyly poskytnuty žádné konkrétní důkazy o individuálním pronásledování Abdulově osobě. Bez konkrétních hrozeb nebo dokumentovaných událostí, které by potvrdily jeho tvrzení, nebyla jeho žádost o azyl považována za opodstatněnou.","Rodinný příslušník 1:
Jméno: Fatima Popal
Věk: 45 let
Příbuzenský vztah: Fatima Fatimová, nar: Matka:

Rodinný příslušník 2:
Jméno: Ali Popal
Věk: 28 let
Příbuzenský vztah: Bratr","Aby se mi podařilo dostat do Švédska, podnikl jsem nebezpečnou cestu přes Írán, Turecko a Řecko. Z Řecka jsem procestoval několik evropských zemí včetně Německa a Dánska, než jsem konečně dorazil do Švédska, kde jsem poslední rok pobýval.",,Ano
AM889,16.10.1958,Kunduz,Afganistan,"fiktivní adresa, fiktivní země",34 123 456 789,nazia.rahimi@email.com,"Já, Ahmad Zaman, žádám o azyl v Evropě s tvrzením, že hledám lepší obchodní příležitosti a investice v jiných zemích. Zatímco se tvářím, že čelím neustálým hrozbám a pronásledování jako příslušník etnické menšiny Hazara v Afghánistánu, skutečným důvodem mého hledání azylu je můj osobní zájem o rozšíření podnikání a získání většího finančního zisku na mezinárodním trhu.","Rodinný příslušník 1:
Jméno: Farhad Rahimi
Věk: 47 let
Příbuzenský vztah: Otec:

Rodinný příslušník 2:
Jméno: Sahar Rahimi
Věk: 22 let
Příbuzenský vztah: Sestra","Abych se dostal do Španělska, vydal jsem se na nebezpečnou cestu přes Írán, Turecko a Řecko. Z Řecka jsem cestoval přes různé evropské země včetně Itálie a Francie, než jsem konečně dorazil do Španělska, kde jsem posledních sedm měsíců pobýval.","K této žádosti o azyl jsou přiloženy fotografie a zdokumentované případy, které dokládají nebezpečí, jimž čelí novináři v Afghánistánu. Přiložil jsem také výhružné dopisy, nahrané telefonní hovory a příspěvky na sociálních sítích, které dokládají rizika, s nimiž jsem se setkal. Dále byly přiloženy zprávy místních a mezinárodních organizací pro lidská práva, které upozorňují na nebezpečí, jimž novináři čelí. Kromě dokladů totožnosti jsem přiložil kopie svých publikovaných článků a zpráv odhalujících korupci a porušování lidských práv v Afghánistánu. Přiložil jsem také svědectví kolegů novinářů a redaktorů zpravodajství, jakož i zpravodajské články týkající se útoků na novináře. Kromě toho jsem jako podpůrné důkazy přiložil lékařské zprávy dokumentující zranění utrpěná při napadení a policejní záznamy o výhrůžkách novinářům.",Ne
AM890,08.01.1962,Herat,Afganistan,"fiktivní adresa, fiktivní země",43 123 456 789,karim.azizi@email.com,"Já, Karim Azizi, hledám azyl v Evropě kvůli údajnému hrozícímu nebezpečí, že mě v Afghánistánu pronásledují kvůli mé vášni pro sbírání starožitností. Tvrdím, že jsem byl terčem místních gangů a obchodníků, kteří chtějí získat má vzácná naleziště. Bezpečnostní situace je pro mě údajně tak nebezpečná, že potřebuji mezinárodní ochranu.","Člen rodiny 1:
Jméno: Fahima Azizi
Věk: 58
Vztah: Matka

Člen rodiny 2:
Jméno: Rahmatullah Azizi
Věk: 31
Vztah: Bratr","Abych se dostal do Rakouska, vydal jsem se na nebezpečnou cestu přes Írán, Turecko a Řecko. Z Řecka jsem procestoval různé evropské země, včetně Německa a Maďarska, než jsem se nakonec dostal do Rakouska, kde pobývám posledních deset měsíců.","Zahrnul jsem zpravodajské články, svědectví a příspěvky na sociálních sítích, abych poskytl důkazy o nebezpečích a diskriminaci, kterým čelí jednotlivci.",Ano
AW882,13.03.1992,Kabul,Afganistan,"fiktivní adresa, fiktivní země",49 123 456 789,ahmad.zaman@email.com,,"Člen rodiny 1:
Jméno: Fatima Zaman
Věk: 50
Vztah: Matka

Člen rodiny 2:
Jméno: Ali Zaman
Věk: 27
Vztah: Bratr","Abych se dostal do Německa, podnikl jsem nebezpečnou cestu přes Írán, Turecko a Řecko. Z Řecka jsem procestoval různé evropské země, včetně Rakouska a Maďarska, než jsem se nakonec dostal do Německa, kde jsem posledních dvanáct měsíců pobýval.","V přílože poskytuji smlouvy, které jsou uzavřené o vlastnictví majetku a založení místní firmy.",Ano
AW883,18.11.1981,Kandahar,Afganistan,"fiktivní adresa, fiktivní země",44 123 456 789,mohammad.hashimi@email.com,,"Člen rodiny 1:
Jméno: Parisa Hashimi
Věk: 28
Vztah: Sestra

Člen rodiny 2:
Jméno: Abdul Hashimi
Věk: 55
Vztah: Otec","Abych se dostal do Spojeného království, vydal jsem se na nebezpečnou cestu přes Írán, Turecko a Řecko. Z Řecka jsem cestoval do různých evropských zemí, včetně Francie a Belgie, než jsem se konečně dostal do Spojeného království, kde jsem pobýval posledních deset měsíců.","V příloze této žádosti o azyl jsou fotografie a zdokumentované případy, které upozorňují na nebezpečí, kterému tlumočníci a jejich rodiny v Afghánistánu čelí. Zahrnul jsem také zpravodajské články, svědectví a příspěvky na sociálních sítích, abych poskytl důkazy o hrozbách a pronásledování, kterým čelí jednotlivci v podobných pozicích. Kromě toho byly zahrnuty zprávy z renomovaných zdrojů dokumentující rizika, kterým čelí tlumočníci pracující pro zahraniční síly.Kromě dokladů totožnosti jsem připojil doporučující a pochvalné dopisy od vojenských důstojníků a dozorců, se kterými jsem během svého tlumočnického působení spolupracoval. Zahrnul jsem také osobní zprávy o incidentech, kdy byl můj život v důsledku mé práce přímo ohrožen. Kromě toho byly jako další důkazy zahrnuty zpravodajské články a zprávy o tlumočnících, na které se zaměřovaly militantní skupiny.",Ano
AW884,22.10.1977,Balkh,Afganistan,"fiktivní adresa, fiktivní země",32 123 456 789,farzana.ahmadi@email.com,"Já, Farzana Ahmadi, tvrdím, že žádám o azyl v Evropě kvůli nebezpečným podmínkám, kterým jsem byla vystavena jako cestovatelka hledající vzácné druhy motýlů v Afghánistánu. Údajně jsem byla terčem útoků divokých zvířat a špatného počasí, což mi údajně hrozilo na životě. Tvrdím, že mé dobrodružství bylo narušeno neustálým ohrožením a že mé přežití bylo vážně ohroženo. Žádám o mezinárodní ochranu, abych mohl bezpečně pokračovat ve sběru vzácných motýlů bez strachu z dalších nebezpečí.","Člen rodiny 1:
Jméno: Nasir Ahmadi
Věk: 55
Vztah: Otec

Člen rodiny 2:
Jméno: Mariam Ahmadi
Věk: 28
Vztah: Sestra","Abych se dostal do Belgie, podnikl jsem nebezpečnou cestu přes Írán, Turecko a Řecko. Z Řecka jsem procestoval různé evropské země včetně Německa a Nizozemska, než jsem se nakonec dostal do Belgie, kde jsem posledních dvanáct měsíců pobýval.","K této žádosti o azyl jsou připojeny fotografie a zdokumentované případy, které upozorňují na nebezpečí, kterému čelí aktivistky za práva žen v Afghánistánu. Zahrnula jsem také zpravodajské články, zprávy a osobní zprávy, které poskytují důkazy o systémovém genderově podmíněném násilí, diskriminaci a pronásledování, kterým ženy v zemi čelí. Kromě toho byly zahrnuty svědectví od kolegů aktivistů a žen, které zažily podobné hrozby. Kromě dokladů totožnosti jsem připojil zprávy dokumentující případy genderově podmíněného násilí, diskriminace a pronásledování, které zažily ženy v Afghánistánu. Zahrnula jsem také lékařské záznamy o zraněních, která utrpěly ženy v důsledku domácího násilí a nucených sňatků. Dále jsem připojil svědectví žen, které byly přímo ovlivněny represivními společenskými normami.",Ne